{
	"__comment": "Designed by Creaper453 with Cubik Studio - https://cubik.studio",
	"ambientocclusion": false,
	"textures": {
		"particle": "block/activator_rail",
		"texture": "block/activator_rail"
	},
	"elements": [ 	 
		{
			"__comment": "Box1",
			"from": [ 2, -1.9375, -8.6875 ],
			"to": [ 4, -0.4375, 17.3125 ],
			"rotation": { "origin": [ 4.000002, -1.9375, 17.3125 ], "axis": "x", "angle": 45 },
			"faces": {
				"down": { "uv": [ 12, 0, 14, 16 ], "texture": "#texture", "rotation": 180 },
				"up": { "uv": [ 12, 0, 14, 16 ], "texture": "#texture", "rotation": 180 },
				"north": { "uv": [ 12, 14.05272, 14, 15.55272 ], "texture": "#texture" },
				"west": { "uv": [ 2, 8, 2.5, 8.5 ], "texture": "#texture" },
				"east": { "uv": [ 3, 12, 3.5, 12.5 ], "texture": "#texture" }
			}
		},
		{
			"__comment": "Box1",
			"from": [ 12, -1.9375, -8.6875 ],
			"to": [ 14, -0.4375, 17.3125 ],
			"rotation": { "origin": [ 4.000002, -1.9375, 17.3125 ], "axis": "x", "angle": 45 },
			"faces": {
				"down": { "uv": [ 2, 0, 4, 16 ], "texture": "#texture", "rotation": 180 },
				"up": { "uv": [ 2, 0, 4, 16 ], "texture": "#texture", "rotation": 180 },
				"north": { "uv": [ 2, 15.05272, 4, 16 ], "texture": "#texture" },
				"west": { "uv": [ 12, 9, 13, 10 ], "texture": "#texture" },
				"east": { "uv": [ 13.5, 11.5, 14, 12 ], "texture": "#texture" }
			}
		},
		{
			"__comment": "Box14",
			"from": [ 4, 1.5125, 11.8625 ],
			"to": [ 12, 2.5125, 13.8625 ],
			"rotation": { "origin": [ 12, 1.5125, 13.8625 ], "axis": "x", "angle": 45 },
			"faces": {
				"down": { "uv": [ 4, 13, 12, 15 ], "texture": "#texture", "rotation": 180 },
				"up": { "uv": [ 4, 13, 12, 15 ], "texture": "#texture", "rotation": 180 },
				"north": { "uv": [ 4, 14, 12, 15 ], "texture": "#texture" },
				"south": { "uv": [ 4, 13, 12, 14 ], "texture": "#texture" },
				"west": { "uv": [ 11, 13, 12, 15 ], "texture": "#texture", "rotation": 90 },
				"east": { "uv": [ 4, 13, 5, 15 ], "texture": "#texture", "rotation": 270 }
			}
		},
		{
			"__comment": "Box14",
			"from": [ 4, 4.625, 8.75 ],
			"to": [ 12, 5.625, 10.75 ],
			"rotation": { "origin": [ 12, 4.625, 10.75 ], "axis": "x", "angle": 45 },
			"faces": {
				"down": { "uv": [ 4, 13, 12, 15 ], "texture": "#texture", "rotation": 180 },
				"up": { "uv": [ 4, 13, 12, 15 ], "texture": "#texture", "rotation": 180 },
				"north": { "uv": [ 4, 14, 12, 15 ], "texture": "#texture" },
				"south": { "uv": [ 4, 13, 12, 14 ], "texture": "#texture" },
				"west": { "uv": [ 11, 13, 12, 15 ], "texture": "#texture", "rotation": 90 },
				"east": { "uv": [ 4, 13, 5, 15 ], "texture": "#texture", "rotation": 270 }
			}
		},
		{
			"__comment": "Box14",
			"from": [ 4, 10.85, 2.525 ],
			"to": [ 12, 11.85, 4.525 ],
			"rotation": { "origin": [ 12, 10.85, 4.525 ], "axis": "x", "angle": 45 },
			"faces": {
				"down": { "uv": [ 4, 13, 12, 15 ], "texture": "#texture", "rotation": 180 },
				"up": { "uv": [ 4, 13, 12, 15 ], "texture": "#texture", "rotation": 180 },
				"north": { "uv": [ 4, 14, 12, 15 ], "texture": "#texture" },
				"south": { "uv": [ 4, 13, 12, 14 ], "texture": "#texture" },
				"west": { "uv": [ 11, 13, 12, 15 ], "texture": "#texture", "rotation": 90 },
				"east": { "uv": [ 4, 13, 5, 15 ], "texture": "#texture", "rotation": 270 }
			}
		},
		{
			"__comment": "Box14",
			"from": [ 4, 7.7375, 5.6375 ],
			"to": [ 12, 8.737499, 7.6375 ],
			"rotation": { "origin": [ 12, 7.7375, 7.6375 ], "axis": "x", "angle": 45 },
			"faces": {
				"down": { "uv": [ 4, 13, 12, 15 ], "texture": "#texture", "rotation": 180 },
				"up": { "uv": [ 4, 13, 12, 15 ], "texture": "#texture", "rotation": 180 },
				"north": { "uv": [ 4, 14, 12, 15 ], "texture": "#texture" },
				"south": { "uv": [ 4, 13, 12, 14 ], "texture": "#texture" },
				"west": { "uv": [ 11, 13, 12, 15 ], "texture": "#texture", "rotation": 90 },
				"east": { "uv": [ 4, 13, 5, 15 ], "texture": "#texture", "rotation": 270 }
			}
		},
		{
			"__comment": "Box8",
			"from": [ 1, 1.5125, 13.8625 ],
			"to": [ 2, 3.5125, 14.8625 ],
			"rotation": { "origin": [ 2, 1.5125, 13.8625 ], "axis": "x", "angle": -45 },
			"faces": {
				"down": { "uv": [ 1, 13, 2, 14 ], "texture": "#texture" },
				"up": { "uv": [ 2, 15, 1, 14 ], "texture": "#texture" },
				"north": { "uv": [ 2, 15, 1, 13 ], "texture": "#texture" },
				"south": { "uv": [ 1, 13, 2, 15 ], "texture": "#texture", "rotation": 180 },
				"west": { "uv": [ 1, 13, 2, 15 ], "texture": "#texture", "rotation": 180 },
				"east": { "uv": [ 1, 13, 2, 15 ], "texture": "#texture", "rotation": 180 }
			}
		},
		{
			"__comment": "Box8",
			"from": [ 14, 1.5125, 11.8625 ],
			"to": [ 15, 2.5125, 13.8625 ],
			"rotation": { "origin": [ 15, 1.5125, 13.8625 ], "axis": "x", "angle": 45 },
			"faces": {
				"down": { "uv": [ 1, 13, 2, 15 ], "texture": "#texture" },
				"up": { "uv": [ 1, 13, 2, 15 ], "texture": "#texture", "rotation": 180 },
				"north": { "uv": [ 1, 14, 2, 15 ], "texture": "#texture" },
				"south": { "uv": [ 1, 13, 2, 14 ], "texture": "#texture" },
				"west": { "uv": [ 1, 13, 2, 15 ], "texture": "#texture", "rotation": 90 },
				"east": { "uv": [ 1, 13, 2, 15 ], "texture": "#texture", "rotation": 270 }
			}
		},
		{
			"__comment": "Box8",
			"from": [ 14, 4.625, 8.75 ],
			"to": [ 15, 5.625, 10.75 ],
			"rotation": { "origin": [ 15, 4.625, 10.75 ], "axis": "x", "angle": 45 },
			"faces": {
				"down": { "uv": [ 1, 13, 2, 15 ], "texture": "#texture" },
				"up": { "uv": [ 1, 13, 2, 15 ], "texture": "#texture", "rotation": 180 },
				"north": { "uv": [ 1, 14, 2, 15 ], "texture": "#texture" },
				"south": { "uv": [ 1, 13, 2, 14 ], "texture": "#texture" },
				"west": { "uv": [ 1, 13, 2, 15 ], "texture": "#texture", "rotation": 90 },
				"east": { "uv": [ 1, 13, 2, 15 ], "texture": "#texture", "rotation": 270 }
			}
		},
		{
			"__comment": "Box8",
			"from": [ 1, 4.625, 8.75 ],
			"to": [ 2, 5.625, 10.75 ],
			"rotation": { "origin": [ 2, 4.625, 10.75 ], "axis": "x", "angle": 45 },
			"faces": {
				"down": { "uv": [ 1, 13, 2, 15 ], "texture": "#texture" },
				"up": { "uv": [ 1, 13, 2, 15 ], "texture": "#texture", "rotation": 180 },
				"north": { "uv": [ 1, 14, 2, 15 ], "texture": "#texture" },
				"south": { "uv": [ 1, 13, 2, 14 ], "texture": "#texture" },
				"west": { "uv": [ 1, 13, 2, 15 ], "texture": "#texture", "rotation": 90 },
				"east": { "uv": [ 1, 13, 2, 15 ], "texture": "#texture", "rotation": 270 }
			}
		},
		{
			"__comment": "Box8",
			"from": [ 1, 7.7375, 7.6375 ],
			"to": [ 2, 9.737499, 8.6375 ],
			"rotation": { "origin": [ 2, 7.7375, 7.637501 ], "axis": "x", "angle": -45 },
			"faces": {
				"down": { "uv": [ 1, 13, 2, 14 ], "texture": "#texture" },
				"up": { "uv": [ 2, 15, 1, 14 ], "texture": "#texture" },
				"north": { "uv": [ 2, 15, 1, 13 ], "texture": "#texture" },
				"south": { "uv": [ 1, 13, 2, 15 ], "texture": "#texture", "rotation": 180 },
				"west": { "uv": [ 1, 13, 2, 15 ], "texture": "#texture", "rotation": 180 },
				"east": { "uv": [ 1, 13, 2, 15 ], "texture": "#texture", "rotation": 180 }
			}
		},
		{
			"__comment": "Box8",
			"from": [ 14, 7.7375, 5.6375 ],
			"to": [ 15, 8.737499, 7.6375 ],
			"rotation": { "origin": [ 15, 7.7375, 7.637499 ], "axis": "x", "angle": 45 },
			"faces": {
				"down": { "uv": [ 1, 13, 2, 15 ], "texture": "#texture" },
				"up": { "uv": [ 1, 13, 2, 15 ], "texture": "#texture", "rotation": 180 },
				"north": { "uv": [ 1, 14, 2, 15 ], "texture": "#texture" },
				"south": { "uv": [ 1, 13, 2, 14 ], "texture": "#texture" },
				"west": { "uv": [ 1, 13, 2, 15 ], "texture": "#texture", "rotation": 90 },
				"east": { "uv": [ 1, 13, 2, 15 ], "texture": "#texture", "rotation": 270 }
			}
		},
		{
			"__comment": "Box8",
			"from": [ 14, 10.85, 2.525 ],
			"to": [ 15, 11.85, 4.525 ],
			"rotation": { "origin": [ 15, 10.85, 4.525 ], "axis": "x", "angle": 45 },
			"faces": {
				"down": { "uv": [ 1, 13, 2, 15 ], "texture": "#texture" },
				"up": { "uv": [ 1, 13, 2, 15 ], "texture": "#texture", "rotation": 180 },
				"north": { "uv": [ 1, 14, 2, 15 ], "texture": "#texture" },
				"south": { "uv": [ 1, 13, 2, 14 ], "texture": "#texture" },
				"west": { "uv": [ 1, 13, 2, 15 ], "texture": "#texture", "rotation": 90 },
				"east": { "uv": [ 1, 13, 2, 15 ], "texture": "#texture", "rotation": 270 }
			}
		},
		{
			"__comment": "Box8",
			"from": [ 1, 10.85, 2.525 ],
			"to": [ 2, 11.85, 4.525 ],
			"rotation": { "origin": [ 2, 10.85, 4.525001 ], "axis": "x", "angle": 45 },
			"faces": {
				"down": { "uv": [ 1, 13, 2, 15 ], "texture": "#texture" },
				"up": { "uv": [ 1, 13, 2, 15 ], "texture": "#texture", "rotation": 180 },
				"north": { "uv": [ 1, 14, 2, 15 ], "texture": "#texture" },
				"south": { "uv": [ 1, 13, 2, 14 ], "texture": "#texture" },
				"west": { "uv": [ 1, 13, 2, 15 ], "texture": "#texture", "rotation": 90 },
				"east": { "uv": [ 1, 13, 2, 15 ], "texture": "#texture", "rotation": 270 }
			}
		},
		{
			"__comment": "Box8",
			"from": [ 14, 13.9625, -0.5875 ],
			"to": [ 15, 14.9625, 1.4125 ],
			"rotation": { "origin": [ 15, 13.9625, 1.4125 ], "axis": "x", "angle": 45 },
			"faces": {
				"down": { "uv": [ 1, 13, 2, 15 ], "texture": "#texture" },
				"up": { "uv": [ 1, 13, 2, 15 ], "texture": "#texture", "rotation": 180 },
				"north": { "uv": [ 1, 14, 2, 15 ], "texture": "#texture" },
				"south": { "uv": [ 1, 13, 2, 14 ], "texture": "#texture" },
				"west": { "uv": [ 1, 13, 2, 15 ], "texture": "#texture", "rotation": 90 },
				"east": { "uv": [ 1, 13, 2, 15 ], "texture": "#texture", "rotation": 270 }
			}
		},
		{
			"__comment": "Box14",
			"from": [ 4, 13.9625, -0.5875 ],
			"to": [ 12, 14.9625, 1.4125 ],
			"rotation": { "origin": [ 12, 13.9625, 1.4125 ], "axis": "x", "angle": 45 },
			"faces": {
				"down": { "uv": [ 4, 13, 12, 15 ], "texture": "#texture", "rotation": 180 },
				"up": { "uv": [ 4, 13, 12, 15 ], "texture": "#texture", "rotation": 180 },
				"north": { "uv": [ 4, 14, 12, 15 ], "texture": "#texture" },
				"south": { "uv": [ 4, 13, 12, 14 ], "texture": "#texture" },
				"west": { "uv": [ 11, 13, 12, 15 ], "texture": "#texture", "rotation": 90 },
				"east": { "uv": [ 4, 13, 5, 15 ], "texture": "#texture", "rotation": 270 }
			}
		},
		{
			"__comment": "Box8",
			"from": [ 1, 13.9625, -0.5875 ],
			"to": [ 2, 14.9625, 1.4125 ],
			"rotation": { "origin": [ 2, 13.9625, 1.412502 ], "axis": "x", "angle": 45 },
			"faces": {
				"down": { "uv": [ 1, 13, 2, 15 ], "texture": "#texture" },
				"up": { "uv": [ 1, 13, 2, 15 ], "texture": "#texture", "rotation": 180 },
				"north": { "uv": [ 1, 14, 2, 15 ], "texture": "#texture" },
				"south": { "uv": [ 1, 13, 2, 14 ], "texture": "#texture" },
				"west": { "uv": [ 1, 13, 2, 15 ], "texture": "#texture", "rotation": 90 },
				"east": { "uv": [ 1, 13, 2, 15 ], "texture": "#texture", "rotation": 270 }
			}
		},
		{
			"__comment": "Box18",
			"from": [ 7, 4.625, 10.75 ],
			"to": [ 9, 5.625, 13.15625 ],
			"rotation": { "origin": [ 7, 4.625, 10.75 ], "axis": "x", "angle": 45 },
			"faces": {
				"down": { "uv": [ 7, 7, 9, 9 ], "texture": "#texture" },
				"up": { "uv": [ 7, 7, 9, 9 ], "texture": "#texture" },
				"north": { "uv": [ 7, 7, 9, 8 ], "texture": "#texture" },
				"south": { "uv": [ 7, 8, 9, 9 ], "texture": "#texture" },
				"west": { "uv": [ 7, 7, 8, 9 ], "texture": "#texture", "rotation": 270 },
				"east": { "uv": [ 8, 7, 9, 9 ], "texture": "#texture", "rotation": 90 }
			}
		},
		{
			"__comment": "Box18",
			"from": [ 7, 7.75, 7.625 ],
			"to": [ 9, 8.75, 10.03125 ],
			"rotation": { "origin": [ 7, 7.75, 7.625 ], "axis": "x", "angle": 45 },
			"faces": {
				"down": { "uv": [ 7, 11, 9, 13 ], "texture": "#texture" },
				"up": { "uv": [ 7, 11, 9, 13 ], "texture": "#texture" },
				"north": { "uv": [ 7, 11, 9, 12 ], "texture": "#texture" },
				"south": { "uv": [ 7, 12, 9, 13 ], "texture": "#texture" },
				"west": { "uv": [ 7, 11, 8, 13 ], "texture": "#texture", "rotation": 90 },
				"east": { "uv": [ 8, 11, 9, 13 ], "texture": "#texture", "rotation": 270 }
			}
		},
		{
			"__comment": "Box18",
			"from": [ 7, 10.8438, 4.5312 ],
			"to": [ 9, 11.8438, 6.93745 ],
			"rotation": { "origin": [ 7, 10.84375, 4.53125 ], "axis": "x", "angle": 45 },
			"faces": {
				"down": { "uv": [ 7, 7, 9, 9 ], "texture": "#texture" },
				"up": { "uv": [ 7, 7, 9, 9 ], "texture": "#texture" },
				"north": { "uv": [ 7, 7, 9, 8 ], "texture": "#texture" },
				"south": { "uv": [ 7, 8, 9, 9 ], "texture": "#texture" },
				"west": { "uv": [ 7, 7, 8, 9 ], "texture": "#texture", "rotation": 270 },
				"east": { "uv": [ 8, 7, 9, 9 ], "texture": "#texture", "rotation": 90 }
			}
		},
		{
			"__comment": "Box18",
			"from": [ 7, 13.9688, 1.4062 ],
			"to": [ 9, 14.9688, 3.81245 ],
			"rotation": { "origin": [ 7, 13.96875, 1.40625 ], "axis": "x", "angle": 45 },
			"faces": {
				"down": { "uv": [ 7, 3, 9, 5 ], "texture": "#texture" },
				"up": { "uv": [ 7, 3, 9, 5 ], "texture": "#texture" },
				"north": { "uv": [ 7, 3, 9, 4 ], "texture": "#texture" },
				"south": { "uv": [ 7, 4, 9, 5 ], "texture": "#texture" },
				"west": { "uv": [ 7, 3, 8, 5 ], "texture": "#texture" },
				"east": { "uv": [ 8, 3, 9, 5 ], "texture": "#texture" }
			}
		}
	]
}