{
	"__comment": "Designed by Creaper453 with Cubik Studio - https://cubik.studio",
	"ambientocclusion": false,
	"textures": {
		"particle": "block/activator_rail",
		"texture": "block/activator_rail"
	},
	"elements": [ 	 
		{
			"__comment": "Box1",
			"from": [ 12, -1.9375, -1.3125 ],
			"to": [ 14, -0.4375, 24.6875 ],
			"rotation": { "origin": [ 12, -1.9375, -1.3125 ], "axis": "x", "angle": -45 },
			"faces": {
				"down": { "uv": [ 12, 0, 14, 16 ], "texture": "#texture" },
				"up": { "uv": [ 12, 0, 14, 16 ], "texture": "#texture" },
				"south": { "uv": [ 12, 0, 14, 1.0625 ], "texture": "#texture" },
				"west": { "uv": [ 12.5, 9, 13, 9.5 ], "texture": "#texture" },
				"east": { "uv": [ 13.5, 11.5, 14, 12 ], "texture": "#texture" }
			}
		},
		{
			"__comment": "Box1",
			"from": [ 2, -1.9375, -1.3125 ],
			"to": [ 4, -0.4375, 24.6875 ],
			"rotation": { "origin": [ 12, -1.9375, -1.3125 ], "axis": "x", "angle": -45 },
			"faces": {
				"down": { "uv": [ 2, 0, 4, 16 ], "texture": "#texture" },
				"up": { "uv": [ 2, 0, 4, 16 ], "texture": "#texture" },
				"south": { "uv": [ 2, 0.4375, 4, 1.9375 ], "texture": "#texture" },
				"west": { "uv": [ 2, 8.5, 2.5, 9 ], "texture": "#texture" },
				"east": { "uv": [ 3, 11, 4, 12 ], "texture": "#texture" }
			}
		},
		{
			"__comment": "Box14",
			"from": [ 4, 1.5125, 2.1375 ],
			"to": [ 12, 2.5125, 4.1375 ],
			"rotation": { "origin": [ 4, 1.5125, 2.137501 ], "axis": "x", "angle": -45 },
			"faces": {
				"down": { "uv": [ 4, 13, 12, 15 ], "texture": "#texture" },
				"up": { "uv": [ 4, 13, 12, 15 ], "texture": "#texture" },
				"north": { "uv": [ 4, 13, 12, 14 ], "texture": "#texture" },
				"south": { "uv": [ 4, 14, 12, 15 ], "texture": "#texture" },
				"west": { "uv": [ 4, 13, 5, 15 ], "texture": "#texture", "rotation": 270 },
				"east": { "uv": [ 11, 13, 12, 15 ], "texture": "#texture", "rotation": 90 }
			}
		},
		{
			"__comment": "Box14",
			"from": [ 4, 4.625, 5.25 ],
			"to": [ 12, 5.625, 7.25 ],
			"rotation": { "origin": [ 4, 4.625, 5.250001 ], "axis": "x", "angle": -45 },
			"faces": {
				"down": { "uv": [ 4, 13, 12, 15 ], "texture": "#texture" },
				"up": { "uv": [ 4, 13, 12, 15 ], "texture": "#texture" },
				"north": { "uv": [ 4, 13, 12, 14 ], "texture": "#texture" },
				"south": { "uv": [ 4, 14, 12, 15 ], "texture": "#texture" },
				"west": { "uv": [ 4, 13, 5, 15 ], "texture": "#texture", "rotation": 270 },
				"east": { "uv": [ 11, 13, 12, 15 ], "texture": "#texture", "rotation": 90 }
			}
		},
		{
			"__comment": "Box14",
			"from": [ 4, 10.85, 11.475 ],
			"to": [ 12, 11.85, 13.475 ],
			"rotation": { "origin": [ 4, 10.85, 11.475 ], "axis": "x", "angle": -45 },
			"faces": {
				"down": { "uv": [ 4, 13, 12, 15 ], "texture": "#texture" },
				"up": { "uv": [ 4, 13, 12, 15 ], "texture": "#texture" },
				"north": { "uv": [ 4, 13, 12, 14 ], "texture": "#texture" },
				"south": { "uv": [ 4, 14, 12, 15 ], "texture": "#texture" },
				"west": { "uv": [ 4, 13, 5, 15 ], "texture": "#texture", "rotation": 270 },
				"east": { "uv": [ 11, 13, 12, 15 ], "texture": "#texture", "rotation": 90 }
			}
		},
		{
			"__comment": "Box14",
			"from": [ 4, 7.7375, 8.3625 ],
			"to": [ 12, 8.737499, 10.3625 ],
			"rotation": { "origin": [ 4, 7.7375, 8.3625 ], "axis": "x", "angle": -45 },
			"faces": {
				"down": { "uv": [ 4, 13, 12, 15 ], "texture": "#texture" },
				"up": { "uv": [ 4, 13, 12, 15 ], "texture": "#texture" },
				"north": { "uv": [ 4, 13, 12, 14 ], "texture": "#texture" },
				"south": { "uv": [ 4, 14, 12, 15 ], "texture": "#texture" },
				"west": { "uv": [ 4, 13, 5, 15 ], "texture": "#texture", "rotation": 270 },
				"east": { "uv": [ 11, 13, 12, 15 ], "texture": "#texture", "rotation": 90 }
			}
		},
		{
			"__comment": "Box8",
			"from": [ 14, 1.5125, 2.1375 ],
			"to": [ 15, 2.5125, 4.1375 ],
			"rotation": { "origin": [ 14, 1.5125, 2.1375 ], "axis": "x", "angle": -45 },
			"faces": {
				"down": { "uv": [ 2, 15, 1, 13 ], "texture": "#texture" },
				"up": { "uv": [ 2, 15, 1, 13 ], "texture": "#texture", "rotation": 180 },
				"north": { "uv": [ 2, 14, 1, 13 ], "texture": "#texture", "rotation": 180 },
				"south": { "uv": [ 2, 15, 1, 14 ], "texture": "#texture", "rotation": 180 },
				"west": { "uv": [ 1, 13, 2, 15 ], "texture": "#texture", "rotation": 270 },
				"east": { "uv": [ 1, 13, 2, 15 ], "texture": "#texture", "rotation": 90 }
			}
		},
		{
			"__comment": "Box8",
			"from": [ 1, 1.5125, 2.1375 ],
			"to": [ 2, 2.5125, 4.1375 ],
			"rotation": { "origin": [ 1, 1.5125, 2.137502 ], "axis": "x", "angle": -45 },
			"faces": {
				"down": { "uv": [ 1, 13, 2, 15 ], "texture": "#texture", "rotation": 180 },
				"up": { "uv": [ 1, 13, 2, 15 ], "texture": "#texture" },
				"north": { "uv": [ 1, 13, 2, 14 ], "texture": "#texture" },
				"south": { "uv": [ 1, 14, 2, 15 ], "texture": "#texture" },
				"west": { "uv": [ 1, 13, 2, 15 ], "texture": "#texture", "rotation": 270 },
				"east": { "uv": [ 1, 13, 2, 15 ], "texture": "#texture", "rotation": 90 }
			}
		},
		{
			"__comment": "Box8",
			"from": [ 1, 4.625, 5.25 ],
			"to": [ 2, 5.625, 7.25 ],
			"rotation": { "origin": [ 1, 4.625, 5.250001 ], "axis": "x", "angle": -45 },
			"faces": {
				"down": { "uv": [ 1, 13, 2, 15 ], "texture": "#texture", "rotation": 180 },
				"up": { "uv": [ 1, 13, 2, 15 ], "texture": "#texture" },
				"north": { "uv": [ 1, 13, 2, 14 ], "texture": "#texture" },
				"south": { "uv": [ 1, 14, 2, 15 ], "texture": "#texture" },
				"west": { "uv": [ 1, 13, 2, 15 ], "texture": "#texture", "rotation": 270 },
				"east": { "uv": [ 1, 13, 2, 15 ], "texture": "#texture", "rotation": 90 }
			}
		},
		{
			"__comment": "Box8",
			"from": [ 14, 4.625, 5.25 ],
			"to": [ 15, 5.625, 7.25 ],
			"rotation": { "origin": [ 14, 4.625, 5.25 ], "axis": "x", "angle": -45 },
			"faces": {
				"down": { "uv": [ 1, 13, 2, 15 ], "texture": "#texture", "rotation": 180 },
				"up": { "uv": [ 1, 13, 2, 15 ], "texture": "#texture" },
				"north": { "uv": [ 1, 13, 2, 14 ], "texture": "#texture" },
				"south": { "uv": [ 1, 14, 2, 15 ], "texture": "#texture" },
				"west": { "uv": [ 1, 13, 2, 15 ], "texture": "#texture", "rotation": 270 },
				"east": { "uv": [ 1, 13, 2, 15 ], "texture": "#texture", "rotation": 90 }
			}
		},
		{
			"__comment": "Box8",
			"from": [ 14, 7.7375, 7.3625 ],
			"to": [ 15, 9.737499, 8.362499 ],
			"rotation": { "origin": [ 14, 7.7375, 8.362499 ], "axis": "x", "angle": 45 },
			"faces": {
				"down": { "uv": [ 1, 13, 2, 14 ], "texture": "#texture", "rotation": 180 },
				"up": { "uv": [ 2, 15, 1, 14 ], "texture": "#texture", "rotation": 180 },
				"north": { "uv": [ 1, 13, 2, 15 ], "texture": "#texture", "rotation": 180 },
				"south": { "uv": [ 2, 15, 1, 13 ], "texture": "#texture" },
				"west": { "uv": [ 1, 13, 2, 15 ], "texture": "#texture", "rotation": 180 },
				"east": { "uv": [ 1, 13, 2, 15 ], "texture": "#texture", "rotation": 180 }
			}
		},
		{
			"__comment": "Box8",
			"from": [ 1, 7.7375, 8.3625 ],
			"to": [ 2, 8.737499, 10.3625 ],
			"rotation": { "origin": [ 1, 7.7375, 8.362501 ], "axis": "x", "angle": -45 },
			"faces": {
				"down": { "uv": [ 1, 13, 2, 15 ], "texture": "#texture", "rotation": 180 },
				"up": { "uv": [ 1, 13, 2, 15 ], "texture": "#texture" },
				"north": { "uv": [ 1, 13, 2, 14 ], "texture": "#texture" },
				"south": { "uv": [ 1, 14, 2, 15 ], "texture": "#texture" },
				"west": { "uv": [ 1, 13, 2, 15 ], "texture": "#texture", "rotation": 270 },
				"east": { "uv": [ 1, 13, 2, 15 ], "texture": "#texture", "rotation": 90 }
			}
		},
		{
			"__comment": "Box8",
			"from": [ 1, 10.85, 11.475 ],
			"to": [ 2, 11.85, 13.475 ],
			"rotation": { "origin": [ 1, 10.85, 11.475 ], "axis": "x", "angle": -45 },
			"faces": {
				"down": { "uv": [ 1, 13, 2, 15 ], "texture": "#texture", "rotation": 180 },
				"up": { "uv": [ 1, 13, 2, 15 ], "texture": "#texture" },
				"north": { "uv": [ 1, 13, 2, 14 ], "texture": "#texture" },
				"south": { "uv": [ 1, 14, 2, 15 ], "texture": "#texture" },
				"west": { "uv": [ 1, 13, 2, 15 ], "texture": "#texture", "rotation": 270 },
				"east": { "uv": [ 1, 13, 2, 15 ], "texture": "#texture", "rotation": 90 }
			}
		},
		{
			"__comment": "Box8",
			"from": [ 14, 10.85, 11.475 ],
			"to": [ 15, 11.85, 13.475 ],
			"rotation": { "origin": [ 14, 10.85, 11.475 ], "axis": "x", "angle": -45 },
			"faces": {
				"down": { "uv": [ 1, 13, 2, 15 ], "texture": "#texture", "rotation": 180 },
				"up": { "uv": [ 1, 13, 2, 15 ], "texture": "#texture" },
				"north": { "uv": [ 1, 13, 2, 14 ], "texture": "#texture" },
				"south": { "uv": [ 1, 14, 2, 15 ], "texture": "#texture" },
				"west": { "uv": [ 1, 13, 2, 15 ], "texture": "#texture", "rotation": 270 },
				"east": { "uv": [ 1, 13, 2, 15 ], "texture": "#texture", "rotation": 90 }
			}
		},
		{
			"__comment": "Box8",
			"from": [ 1, 13.9625, 14.5875 ],
			"to": [ 2, 14.9625, 16.5875 ],
			"rotation": { "origin": [ 1.000002, 13.9625, 14.5875 ], "axis": "x", "angle": -45 },
			"faces": {
				"down": { "uv": [ 1, 13, 2, 15 ], "texture": "#texture", "rotation": 180 },
				"up": { "uv": [ 1, 13, 2, 15 ], "texture": "#texture" },
				"north": { "uv": [ 1, 13, 2, 14 ], "texture": "#texture" },
				"south": { "uv": [ 1, 14, 2, 15 ], "texture": "#texture" },
				"west": { "uv": [ 1, 13, 2, 15 ], "texture": "#texture", "rotation": 270 },
				"east": { "uv": [ 1, 13, 2, 15 ], "texture": "#texture", "rotation": 90 }
			}
		},
		{
			"__comment": "Box14",
			"from": [ 4, 13.9625, 14.5875 ],
			"to": [ 12, 14.9625, 16.5875 ],
			"rotation": { "origin": [ 4.000002, 13.9625, 14.5875 ], "axis": "x", "angle": -45 },
			"faces": {
				"down": { "uv": [ 4, 13, 12, 15 ], "texture": "#texture" },
				"up": { "uv": [ 4, 13, 12, 15 ], "texture": "#texture" },
				"north": { "uv": [ 4, 13, 12, 14 ], "texture": "#texture" },
				"south": { "uv": [ 4, 14, 12, 15 ], "texture": "#texture" },
				"west": { "uv": [ 4, 13, 5, 15 ], "texture": "#texture", "rotation": 270 },
				"east": { "uv": [ 11, 13, 12, 15 ], "texture": "#texture", "rotation": 90 }
			}
		},
		{
			"__comment": "Box8",
			"from": [ 14, 13.9625, 14.5875 ],
			"to": [ 15, 14.9625, 16.5875 ],
			"rotation": { "origin": [ 14, 13.9625, 14.5875 ], "axis": "x", "angle": -45 },
			"faces": {
				"down": { "uv": [ 1, 13, 2, 15 ], "texture": "#texture", "rotation": 180 },
				"up": { "uv": [ 1, 13, 2, 15 ], "texture": "#texture" },
				"north": { "uv": [ 1, 13, 2, 14 ], "texture": "#texture" },
				"south": { "uv": [ 1, 14, 2, 15 ], "texture": "#texture" },
				"west": { "uv": [ 1, 13, 2, 15 ], "texture": "#texture", "rotation": 270 },
				"east": { "uv": [ 1, 13, 2, 15 ], "texture": "#texture", "rotation": 90 }
			}
		},
		{
			"__comment": "Box18",
			"from": [ 7, 4.625, 2.8438 ],
			"to": [ 9, 5.625, 5.25005 ],
			"rotation": { "origin": [ 9, 4.625, 5.25 ], "axis": "x", "angle": -45 },
			"faces": {
				"down": { "uv": [ 7, 7, 9, 9 ], "texture": "#texture", "rotation": 180 },
				"up": { "uv": [ 7, 7, 9, 9 ], "texture": "#texture", "rotation": 180 },
				"north": { "uv": [ 7, 8, 9, 9 ], "texture": "#texture" },
				"south": { "uv": [ 7, 7, 9, 8 ], "texture": "#texture" },
				"west": { "uv": [ 8, 7, 9, 9 ], "texture": "#texture", "rotation": 90 },
				"east": { "uv": [ 7, 7, 8, 9 ], "texture": "#texture", "rotation": 270 }
			}
		},
		{
			"__comment": "Box18",
			"from": [ 7, 7.75, 5.9688 ],
			"to": [ 9, 8.75, 8.37505 ],
			"rotation": { "origin": [ 9, 7.75, 8.375 ], "axis": "x", "angle": -45 },
			"faces": {
				"down": { "uv": [ 7, 11, 9, 13 ], "texture": "#texture", "rotation": 180 },
				"up": { "uv": [ 7, 11, 9, 13 ], "texture": "#texture", "rotation": 180 },
				"north": { "uv": [ 7, 12, 9, 13 ], "texture": "#texture" },
				"south": { "uv": [ 7, 11, 9, 12 ], "texture": "#texture" },
				"west": { "uv": [ 8, 11, 9, 13 ], "texture": "#texture", "rotation": 270 },
				"east": { "uv": [ 7, 11, 8, 13 ], "texture": "#texture", "rotation": 90 }
			}
		},
		{
			"__comment": "Box18",
			"from": [ 7, 10.8438, 9.0625 ],
			"to": [ 9, 11.8438, 11.46875 ],
			"rotation": { "origin": [ 9, 10.84375, 11.46875 ], "axis": "x", "angle": -45 },
			"faces": {
				"down": { "uv": [ 7, 7, 9, 9 ], "texture": "#texture", "rotation": 180 },
				"up": { "uv": [ 7, 7, 9, 9 ], "texture": "#texture", "rotation": 180 },
				"north": { "uv": [ 7, 8, 9, 9 ], "texture": "#texture" },
				"south": { "uv": [ 7, 7, 9, 8 ], "texture": "#texture" },
				"west": { "uv": [ 8, 7, 9, 9 ], "texture": "#texture", "rotation": 90 },
				"east": { "uv": [ 7, 7, 8, 9 ], "texture": "#texture", "rotation": 270 }
			}
		},
		{
			"__comment": "Box18",
			"from": [ 7, 13.9688, 12.1875 ],
			"to": [ 9, 14.9688, 14.59375 ],
			"rotation": { "origin": [ 9.000001, 13.96875, 14.59375 ], "axis": "x", "angle": -45 },
			"faces": {
				"down": { "uv": [ 7, 3, 9, 5 ], "texture": "#texture", "rotation": 180 },
				"up": { "uv": [ 7, 3, 9, 5 ], "texture": "#texture", "rotation": 180 },
				"north": { "uv": [ 7, 4, 9, 5 ], "texture": "#texture" },
				"south": { "uv": [ 7, 3, 9, 4 ], "texture": "#texture" },
				"west": { "uv": [ 8, 3, 9, 5 ], "texture": "#texture" },
				"east": { "uv": [ 7, 3, 8, 5 ], "texture": "#texture" }
			}
		}
	]
}