{
	"__comment": "Designed by Creaper453 with Cubik Studio - https://cubik.studio",
	"ambientocclusion": false,
	"textures": {
		"particle": "block/ladder",
		"texture": "block/ladder"
	},
	"elements": [ 	 
		{
			"__comment": "Box2",
			"from": [ 2, 0, 14.5 ],
			"to": [ 4, 16, 16 ],
			"faces": {
				"down": { "uv": [ 12, 14.5, 14, 16 ], "texture": "#texture", "cullface": "down" },
				"up": { "uv": [ 12, 0, 14, 1.5 ], "texture": "#texture", "cullface": "up" },
				"north": { "uv": [ 12, 0, 14, 16 ], "texture": "#texture" },
				"south": { "uv": [ 2, 0, 4, 16 ], "texture": "#texture", "cullface": "south" },
				"west": { "uv": [ 12.5, 0, 14, 16 ], "texture": "#texture" },
				"east": { "uv": [ 13.5, 0, 12, 16 ], "texture": "#texture" }
			}
		},
		{
			"__comment": "Box2",
			"from": [ 12, 0, 14.5 ],
			"to": [ 14, 16, 16 ],
			"faces": {
				"down": { "uv": [ 12, 1.5, 14, 0 ], "texture": "#texture", "cullface": "down" },
				"up": { "uv": [ 4, 0, 2, 1.5 ], "texture": "#texture", "cullface": "up" },
				"north": { "uv": [ 2, 0, 4, 16 ], "texture": "#texture" },
				"south": { "uv": [ 2, 0, 4, 16 ], "texture": "#texture", "cullface": "south" },
				"west": { "uv": [ 4, 0, 2.5, 16 ], "texture": "#texture" },
				"east": { "uv": [ 3.5, 0, 2, 16 ], "texture": "#texture" }
			}
		},
		{
			"__comment": "Box2",
			"from": [ 1, 13, 15 ],
			"to": [ 15, 15, 15.5 ],
			"faces": {
				"down": { "uv": [ 1, 2, 15, 2.5 ], "texture": "#texture" },
				"up": { "uv": [ 1, 1, 15, 1.5 ], "texture": "#texture" },
				"north": { "uv": [ 1, 1, 15, 3 ], "texture": "#texture" },
				"south": { "uv": [ 1, 1, 15, 3 ], "texture": "#texture" },
				"west": { "uv": [ 14.5, 1, 15, 3 ], "texture": "#texture" },
				"east": { "uv": [ 1.5, 1, 2, 3 ], "texture": "#texture" }
			}
		},
		{
			"__comment": "Box2",
			"from": [ 1, 9, 15 ],
			"to": [ 15, 11, 15.5 ],
			"faces": {
				"down": { "uv": [ 1, 6.5, 15, 7 ], "texture": "#texture" },
				"up": { "uv": [ 1, 5, 15, 5.5 ], "texture": "#texture" },
				"north": { "uv": [ 1, 5, 15, 7 ], "texture": "#texture" },
				"south": { "uv": [ 1, 5, 15, 7 ], "texture": "#texture" },
				"west": { "uv": [ 14.5, 5, 15, 7 ], "texture": "#texture" },
				"east": { "uv": [ 1, 5, 1.5, 7 ], "texture": "#texture" }
			}
		},
		{
			"__comment": "Box2",
			"from": [ 1, 5, 15 ],
			"to": [ 15, 7, 15.5 ],
			"faces": {
				"down": { "uv": [ 1, 10.5, 15, 11 ], "texture": "#texture" },
				"up": { "uv": [ 1, 9, 15, 9.5 ], "texture": "#texture" },
				"north": { "uv": [ 1, 9, 15, 11 ], "texture": "#texture" },
				"south": { "uv": [ 1, 9, 15, 11 ], "texture": "#texture" },
				"west": { "uv": [ 14.5, 9, 15, 11 ], "texture": "#texture" },
				"east": { "uv": [ 1, 9, 1.5, 11 ], "texture": "#texture" }
			}
		},
		{
			"__comment": "Box2",
			"from": [ 1, 1, 15 ],
			"to": [ 15, 3, 15.5 ],
			"faces": {
				"down": { "uv": [ 1, 14.5, 15, 15 ], "texture": "#texture" },
				"up": { "uv": [ 1, 13, 15, 13.5 ], "texture": "#texture" },
				"north": { "uv": [ 1, 13, 15, 15 ], "texture": "#texture" },
				"south": { "uv": [ 1, 13, 15, 15 ], "texture": "#texture" },
				"west": { "uv": [ 14.5, 13, 15, 15 ], "texture": "#texture" },
				"east": { "uv": [ 1, 13, 1.5, 15 ], "texture": "#texture" }
			}
		}
	]
}