{
	"__comment": "Designed by Creaper453 with Cubik Studio - https://cubik.studio",
	"ambientocclusion": false,
	"textures": {
		"particle": "block/powered_rail",
		"rail": "block/powered_rail"
	},
	"elements": [ 	 
		{
			"__comment": "Box2",
			"from": [ 2, 0, 0 ],
			"to": [ 5, 1.5, 16 ],
			"faces": {
				"down": { "uv": [ 2, 0, 5, 16 ], "texture": "#rail", "cullface": "down" },
				"up": { "uv": [ 2, 0, 5, 16 ], "texture": "#rail" },
				"north": { "uv": [ 2, 0, 5, 1 ], "texture": "#rail", "cullface": "north", "rotation": 180 },
				"south": { "uv": [ 2, 15, 5, 16 ], "texture": "#rail", "cullface": "south" },
				"west": { "uv": [ 2, 9, 3, 10 ], "texture": "#rail" },
				"east": { "uv": [ 4, 16, 4.5, 0 ], "texture": "#rail", "rotation": 270 }
			}
		},
		{
			"__comment": "Box2",
			"from": [ 11, 0, 0 ],
			"to": [ 14, 1.5, 16 ],
			"faces": {
				"down": { "uv": [ 11, 0, 14, 16 ], "texture": "#rail", "cullface": "down" },
				"up": { "uv": [ 11, 0, 14, 16 ], "texture": "#rail" },
				"north": { "uv": [ 11, 0, 14, 1 ], "texture": "#rail", "cullface": "north", "rotation": 180 },
				"south": { "uv": [ 11, 15, 14, 16 ], "texture": "#rail", "cullface": "south" },
				"west": { "uv": [ 11, 16, 11.5, 0 ], "texture": "#rail", "rotation": 90 },
				"east": { "uv": [ 13, 11, 14, 12 ], "texture": "#rail" }
			}
		},
		{
			"__comment": "Box4",
			"from": [ 5, 0, 1 ],
			"to": [ 11, 1, 3 ],
			"faces": {
				"down": { "uv": [ 5, 1, 11, 3 ], "texture": "#rail", "cullface": "down" },
				"up": { "uv": [ 5, 1, 11, 3 ], "texture": "#rail" },
				"north": { "uv": [ 5, 1, 11, 2 ], "texture": "#rail" },
				"south": { "uv": [ 5, 2, 11, 3 ], "texture": "#rail" }
			}
		},
		{
			"__comment": "Box4",
			"from": [ 5, 0, 5 ],
			"to": [ 11, 1, 7 ],
			"faces": {
				"down": { "uv": [ 5, 5, 11, 7 ], "texture": "#rail", "cullface": "down" },
				"up": { "uv": [ 5, 5, 11, 7 ], "texture": "#rail" },
				"north": { "uv": [ 5, 5, 11, 6 ], "texture": "#rail" },
				"south": { "uv": [ 5, 6, 11, 7 ], "texture": "#rail" }
			}
		},
		{
			"__comment": "Box4",
			"from": [ 5, 0, 9 ],
			"to": [ 11, 1, 11 ],
			"faces": {
				"down": { "uv": [ 5, 9, 11, 11 ], "texture": "#rail", "cullface": "down" },
				"up": { "uv": [ 5, 9, 11, 11 ], "texture": "#rail" },
				"north": { "uv": [ 5, 9, 11, 10 ], "texture": "#rail" },
				"south": { "uv": [ 5, 10, 11, 11 ], "texture": "#rail" }
			}
		},
		{
			"__comment": "Box4",
			"from": [ 5, 0, 13 ],
			"to": [ 11, 1, 15 ],
			"faces": {
				"down": { "uv": [ 5, 13, 11, 15 ], "texture": "#rail", "cullface": "down" },
				"up": { "uv": [ 5, 13, 11, 15 ], "texture": "#rail" },
				"north": { "uv": [ 5, 13, 11, 14 ], "texture": "#rail" },
				"south": { "uv": [ 5, 14, 11, 15 ], "texture": "#rail" }
			}
		},
		{
			"__comment": "Box8",
			"from": [ 1, 0, 1 ],
			"to": [ 2, 1, 3 ],
			"faces": {
				"down": { "uv": [ 1, 1, 2, 3 ], "texture": "#rail", "cullface": "down" },
				"up": { "uv": [ 1, 1, 2, 3 ], "texture": "#rail" },
				"north": { "uv": [ 1, 1, 2, 2 ], "texture": "#rail" },
				"south": { "uv": [ 1, 2, 2, 3 ], "texture": "#rail" },
				"west": { "uv": [ 1, 1, 2, 3 ], "texture": "#rail", "rotation": 270 }
			}
		},
		{
			"__comment": "Box8",
			"from": [ 1, 0, 5 ],
			"to": [ 2, 1, 7 ],
			"faces": {
				"down": { "uv": [ 1, 1, 2, 3 ], "texture": "#rail", "cullface": "down" },
				"up": { "uv": [ 1, 1, 2, 3 ], "texture": "#rail" },
				"north": { "uv": [ 1, 1, 2, 2 ], "texture": "#rail" },
				"south": { "uv": [ 1, 2, 2, 3 ], "texture": "#rail" },
				"west": { "uv": [ 1, 1, 2, 3 ], "texture": "#rail", "rotation": 270 }
			}
		},
		{
			"__comment": "Box8",
			"from": [ 1, 0, 9 ],
			"to": [ 2, 1, 11 ],
			"faces": {
				"down": { "uv": [ 1, 1, 2, 3 ], "texture": "#rail", "cullface": "down" },
				"up": { "uv": [ 1, 1, 2, 3 ], "texture": "#rail" },
				"north": { "uv": [ 1, 1, 2, 2 ], "texture": "#rail" },
				"south": { "uv": [ 1, 2, 2, 3 ], "texture": "#rail" },
				"west": { "uv": [ 1, 1, 2, 3 ], "texture": "#rail", "rotation": 270 }
			}
		},
		{
			"__comment": "Box8",
			"from": [ 1, 0, 13 ],
			"to": [ 2, 1, 15 ],
			"faces": {
				"down": { "uv": [ 1, 1, 2, 3 ], "texture": "#rail", "cullface": "down" },
				"up": { "uv": [ 1, 1, 2, 3 ], "texture": "#rail" },
				"north": { "uv": [ 1, 1, 2, 2 ], "texture": "#rail" },
				"south": { "uv": [ 1, 2, 2, 3 ], "texture": "#rail" },
				"west": { "uv": [ 1, 1, 2, 3 ], "texture": "#rail", "rotation": 270 }
			}
		},
		{
			"__comment": "Box8",
			"from": [ 14, 0, 13 ],
			"to": [ 15, 1, 15 ],
			"faces": {
				"down": { "uv": [ 1, 1, 2, 3 ], "texture": "#rail", "cullface": "down" },
				"up": { "uv": [ 1, 1, 2, 3 ], "texture": "#rail" },
				"north": { "uv": [ 1, 1, 2, 2 ], "texture": "#rail" },
				"south": { "uv": [ 1, 2, 2, 3 ], "texture": "#rail" },
				"east": { "uv": [ 1, 1, 2, 3 ], "texture": "#rail", "rotation": 90 }
			}
		},
		{
			"__comment": "Box8",
			"from": [ 14, 0, 9 ],
			"to": [ 15, 1, 11 ],
			"faces": {
				"down": { "uv": [ 1, 1, 2, 3 ], "texture": "#rail", "cullface": "down" },
				"up": { "uv": [ 1, 1, 2, 3 ], "texture": "#rail" },
				"north": { "uv": [ 1, 1, 2, 2 ], "texture": "#rail" },
				"south": { "uv": [ 1, 2, 2, 3 ], "texture": "#rail" },
				"east": { "uv": [ 1, 1, 2, 3 ], "texture": "#rail", "rotation": 90 }
			}
		},
		{
			"__comment": "Box8",
			"from": [ 14, 0, 5 ],
			"to": [ 15, 1, 7 ],
			"faces": {
				"down": { "uv": [ 1, 1, 2, 3 ], "texture": "#rail", "cullface": "down" },
				"up": { "uv": [ 1, 1, 2, 3 ], "texture": "#rail" },
				"north": { "uv": [ 1, 1, 2, 2 ], "texture": "#rail" },
				"south": { "uv": [ 1, 2, 2, 3 ], "texture": "#rail" },
				"east": { "uv": [ 1, 1, 2, 3 ], "texture": "#rail", "rotation": 90 }
			}
		},
		{
			"__comment": "Box8",
			"from": [ 14, 0, 1 ],
			"to": [ 15, 1, 3 ],
			"faces": {
				"down": { "uv": [ 1, 1, 2, 3 ], "texture": "#rail", "cullface": "down" },
				"up": { "uv": [ 1, 1, 2, 3 ], "texture": "#rail" },
				"north": { "uv": [ 1, 1, 2, 2 ], "texture": "#rail" },
				"south": { "uv": [ 1, 2, 2, 3 ], "texture": "#rail" },
				"east": { "uv": [ 1, 1, 2, 3 ], "texture": "#rail", "rotation": 90 }
			}
		},
		{
			"__comment": "Box15",
			"from": [ 7, 0, 7 ],
			"to": [ 9, 0.5, 9 ],
			"faces": {
				"down": { "uv": [ 7, 7, 9, 9 ], "texture": "#rail", "cullface": "down" },
				"up": { "uv": [ 7, 7, 9, 9 ], "texture": "#rail" },
				"west": { "uv": [ 7, 7, 8, 9 ], "texture": "#rail", "rotation": 270 },
				"east": { "uv": [ 8, 7, 9, 9 ], "texture": "#rail", "rotation": 90 }
			}
		},
		{
			"__comment": "Box15",
			"from": [ 7, 0, 11 ],
			"to": [ 9, 0.5, 13 ],
			"faces": {
				"down": { "uv": [ 7, 11, 9, 13 ], "texture": "#rail", "cullface": "down" },
				"up": { "uv": [ 7, 11, 9, 13 ], "texture": "#rail" },
				"west": { "uv": [ 7, 11, 8, 13 ], "texture": "#rail", "rotation": 270 },
				"east": { "uv": [ 8, 11, 9, 13 ], "texture": "#rail", "rotation": 270 }
			}
		},
		{
			"__comment": "Box20",
			"from": [ 7, 0, 3 ],
			"to": [ 9, 0.5, 5 ],
			"faces": {
				"down": { "uv": [ 7, 3, 9, 5 ], "texture": "#rail", "cullface": "down" },
				"up": { "uv": [ 7, 3, 9, 5 ], "texture": "#rail" },
				"west": { "uv": [ 7, 3, 8, 5 ], "texture": "#rail" },
				"east": { "uv": [ 8, 3, 9, 5 ], "texture": "#rail" }
			}
		}
	]
}