{"__comment":"Designed by Creaper453 with Cubik Studio - https://cubik.studio","ambientocclusion":false,"textures":{"particle":"block/rail","rail":"block/rail"},"elements":[{"from":[2,0,0],"to":[4,1.5,16],"faces":{"down":{"uv":[2,1,4,14],"texture":"#rail","cullface":"down"},"up":{"uv":[2,0.5,4,14.5],"texture":"#rail"},"north":{"uv":[2,14,4,15.5],"texture":"#rail","cullface":"north","rotation":180},"south":{"uv":[2,13,4,14.5],"texture":"#rail","cullface":"south"},"west":{"uv":[2,9,2.5,8.5],"texture":"#rail"},"east":{"uv":[3.5,12.5,3,12],"texture":"#rail"}}},{"from":[12,0,0],"to":[14,1.5,16],"faces":{"down":{"uv":[12,1,14,15.5],"texture":"#rail","cullface":"down"},"up":{"uv":[12,0.5,14,15],"texture":"#rail"},"north":{"uv":[2,14,4,15.5],"texture":"#rail","cullface":"north"},"south":{"uv":[12,14,14,15.5],"texture":"#rail","cullface":"south"},"west":{"uv":[13,8.5,12.5,9.5],"texture":"#rail"},"east":{"uv":[13.5,11,14,11.5],"texture":"#rail"}}},{"from":[4,0,1],"to":[12,1,3],"faces":{"down":{"uv":[4,1,12,3],"texture":"#rail","cullface":"down"},"up":{"uv":[4,1,12,3],"texture":"#rail"},"north":{"uv":[4,1,12,2],"texture":"#rail"},"south":{"uv":[4,2,12,3],"texture":"#rail"}}},{"from":[4,0,5],"to":[12,1,7],"faces":{"down":{"uv":[4,5,12,7],"texture":"#rail","cullface":"down"},"up":{"uv":[4,5,12,7],"texture":"#rail"},"north":{"uv":[4,5,12,6],"texture":"#rail"},"south":{"uv":[4,6,12,7],"texture":"#rail"}}},{"from":[4,0,9],"to":[12,1,11],"faces":{"down":{"uv":[4,9,12,11],"texture":"#rail","cullface":"down"},"up":{"uv":[4,9,12,11],"texture":"#rail"},"north":{"uv":[4,9,12,10],"texture":"#rail"},"south":{"uv":[4,10,12,11],"texture":"#rail"}}},{"from":[4,0,13],"to":[12,1,15],"faces":{"down":{"uv":[4,13,12,15],"texture":"#rail","cullface":"down"},"up":{"uv":[4,13,12,15],"texture":"#rail"},"north":{"uv":[4,13,12,14],"texture":"#rail"},"south":{"uv":[4,14,12,15],"texture":"#rail"}}},{"from":[1,0,1],"to":[2.5,1,3],"faces":{"down":{"uv":[1,1,2,3],"texture":"#rail","cullface":"down"},"up":{"uv":[1,1,2,3],"texture":"#rail"},"north":{"uv":[1,1,2,2],"texture":"#rail"},"south":{"uv":[1,2,2,3],"texture":"#rail"},"west":{"uv":[1,1,2,3],"texture":"#rail","rotation":270}}},{"from":[1,0,5],"to":[2.5,1,7],"faces":{"down":{"uv":[1,1,2,3],"texture":"#rail","cullface":"down"},"up":{"uv":[1,1,2,3],"texture":"#rail"},"north":{"uv":[1,1,2,2],"texture":"#rail"},"south":{"uv":[1,2,2,3],"texture":"#rail"},"west":{"uv":[1,1,2,3],"texture":"#rail","rotation":270}}},{"from":[1,0,9],"to":[2.5,1,11],"faces":{"down":{"uv":[1,1,2,3],"texture":"#rail","cullface":"down"},"up":{"uv":[1,1,2,3],"texture":"#rail"},"north":{"uv":[1,1,2,2],"texture":"#rail"},"south":{"uv":[1,2,2,3],"texture":"#rail"},"west":{"uv":[1,1,2,3],"texture":"#rail","rotation":270}}},{"from":[1,0,13],"to":[2.5,1,15],"faces":{"down":{"uv":[1,1,2,3],"texture":"#rail","cullface":"down"},"up":{"uv":[1,1,2,3],"texture":"#rail"},"north":{"uv":[1,1,2,2],"texture":"#rail"},"south":{"uv":[1,2,2,3],"texture":"#rail"},"west":{"uv":[1,1,2,3],"texture":"#rail","rotation":270}}},{"from":[13.5,0,13],"to":[15,1,15],"faces":{"down":{"uv":[1,1,2,3],"texture":"#rail","cullface":"down"},"up":{"uv":[1,1,2,3],"texture":"#rail"},"north":{"uv":[1,1,2,2],"texture":"#rail"},"south":{"uv":[1,2,2,3],"texture":"#rail"},"east":{"uv":[1,1,2,3],"texture":"#rail"}}},{"from":[13.5,0,9],"to":[15,1,11],"faces":{"down":{"uv":[1,1,2,3],"texture":"#rail","cullface":"down"},"up":{"uv":[1,1,2,3],"texture":"#rail"},"north":{"uv":[1,1,2,2],"texture":"#rail"},"south":{"uv":[1,2,2,3],"texture":"#rail"},"east":{"uv":[1,1,2,3],"texture":"#rail"}}},{"from":[13.5,0,5],"to":[15,1,7],"faces":{"down":{"uv":[1,1,2,3],"texture":"#rail","cullface":"down"},"up":{"uv":[1,1,2,3],"texture":"#rail"},"north":{"uv":[1,1,2,2],"texture":"#rail"},"south":{"uv":[1,2,2,3],"texture":"#rail"},"east":{"uv":[1,1,2,3],"texture":"#rail"}}},{"from":[13.5,0,1],"to":[15,1,3],"faces":{"down":{"uv":[1,1,2,3],"texture":"#rail","cullface":"down"},"up":{"uv":[1,1,2,3],"texture":"#rail"},"north":{"uv":[1,1,2,2],"texture":"#rail"},"south":{"uv":[1,2,2,3],"texture":"#rail"},"east":{"uv":[1,1,2,3],"texture":"#rail"}}}]}