{
	"__comment": "Designed by Creaper453 with Cubik Studio - https://cubik.studio",
	"ambientocclusion": false,
	"textures": {
		"particle": "block/rail_corner",
		"texture": "block/rail_corner"
	},
	"elements": [ 	 
		{
			"__comment": "Metal",
			"from": [ 12, 0, 14 ],
			"to": [ 14, 1.5, 16 ],
			"faces": {
				"down": { "uv": [ 12, 14, 14, 16 ], "texture": "#texture", "cullface": "down" },
				"up": { "uv": [ 12, 14, 14, 16 ], "texture": "#texture" },
				"north": { "uv": [ 12, 14, 14, 16 ], "texture": "#texture", "rotation": 180 },
				"south": { "uv": [ 12, 14.5, 14, 16 ], "texture": "#texture", "cullface": "south" },
				"west": { "uv": [ 12, 14, 13, 16 ], "texture": "#texture" },
				"east": { "uv": [ 13, 14, 14, 16 ], "texture": "#texture" }
			}
		},
		{
			"__comment": "Metal1",
			"from": [ 14, 0, 12 ],
			"to": [ 16, 1.5, 14 ],
			"faces": {
				"down": { "uv": [ 14, 12, 16, 14 ], "texture": "#texture", "cullface": "down" },
				"up": { "uv": [ 14, 12, 16, 14 ], "texture": "#texture" },
				"north": { "uv": [ 14, 12, 16, 13 ], "texture": "#texture" },
				"south": { "uv": [ 14, 13, 16, 14 ], "texture": "#texture" },
				"west": { "uv": [ 14, 12, 16, 14 ], "texture": "#texture", "rotation": 270 },
				"east": { "uv": [ 14, 12, 16, 14 ], "texture": "#texture", "cullface": "east", "rotation": 90 }
			}
		},
		{
			"__comment": "Metal2",
			"from": [ 13, 0, 13 ],
			"to": [ 14, 1.5, 14 ],
			"faces": {
				"down": { "uv": [ 13, 13, 14, 14 ], "texture": "#texture", "cullface": "down" },
				"up": { "uv": [ 13, 13, 14, 14 ], "texture": "#texture" },
				"north": { "uv": [ 13, 13, 14, 14 ], "texture": "#texture" },
				"west": { "uv": [ 13, 13, 14, 14 ], "texture": "#texture" }
			}
		},
		{
			"__comment": "Metal3",
			"from": [ 2, 0, 12 ],
			"to": [ 4, 1.5, 16 ],
			"faces": {
				"down": { "uv": [ 2, 12, 4, 16 ], "texture": "#texture", "cullface": "down" },
				"up": { "uv": [ 2, 12, 4, 16 ], "texture": "#texture" },
				"north": { "uv": [ 2, 12, 4, 13.5 ], "texture": "#texture", "rotation": 180 },
				"south": { "uv": [ 2, 14.5, 4, 16 ], "texture": "#texture", "cullface": "south" },
				"west": { "uv": [ 2, 12, 3, 16 ], "texture": "#texture" },
				"east": { "uv": [ 3, 12, 4, 16 ], "texture": "#texture" }
			}
		},
		{
			"__comment": "Metal4",
			"from": [ 12, 0, 2 ],
			"to": [ 16, 1.5, 4 ],
			"faces": {
				"down": { "uv": [ 12, 2, 16, 4 ], "texture": "#texture", "cullface": "down" },
				"up": { "uv": [ 12, 2, 16, 4 ], "texture": "#texture" },
				"north": { "uv": [ 12, 2, 16, 3 ], "texture": "#texture" },
				"south": { "uv": [ 12, 3, 16, 4 ], "texture": "#texture" },
				"west": { "uv": [ 12, 2, 13, 4 ], "texture": "#texture", "rotation": 270 },
				"east": { "uv": [ 15, 2, 16, 4 ], "texture": "#texture", "cullface": "east", "rotation": 90 }
			}
		},
		{
			"__comment": "Metal5",
			"from": [ 10, 0, 3 ],
			"to": [ 12, 1.5, 5 ],
			"faces": {
				"down": { "uv": [ 10, 3, 12, 5 ], "texture": "#texture", "cullface": "down" },
				"up": { "uv": [ 10, 3, 12, 5 ], "texture": "#texture" },
				"north": { "uv": [ 10, 3, 12, 4 ], "texture": "#texture" },
				"south": { "uv": [ 10, 4, 12, 5 ], "texture": "#texture" },
				"west": { "uv": [ 10, 3, 12, 5 ], "texture": "#texture", "rotation": 270 },
				"east": { "uv": [ 10, 3, 12, 5 ], "texture": "#texture", "rotation": 90 }
			}
		},
		{
			"__comment": "Metal6",
			"from": [ 8, 0, 4 ],
			"to": [ 10, 1.5, 6 ],
			"faces": {
				"down": { "uv": [ 8, 4, 10, 6 ], "texture": "#texture", "cullface": "down" },
				"up": { "uv": [ 8, 4, 10, 6 ], "texture": "#texture" },
				"north": { "uv": [ 8, 4, 10, 5 ], "texture": "#texture" },
				"south": { "uv": [ 8, 5, 10, 6 ], "texture": "#texture" },
				"west": { "uv": [ 11, 3, 12, 5 ], "texture": "#texture", "rotation": 270 },
				"east": { "uv": [ 11, 3, 12, 5 ], "texture": "#texture", "rotation": 90 }
			}
		},
		{
			"__comment": "Metal7",
			"from": [ 3, 0, 10 ],
			"to": [ 5, 1.5, 12 ],
			"faces": {
				"down": { "uv": [ 3, 10, 5, 12 ], "texture": "#texture", "cullface": "down" },
				"up": { "uv": [ 3, 10, 5, 12 ], "texture": "#texture" },
				"north": { "uv": [ 3, 10, 5, 11.5 ], "texture": "#texture", "rotation": 180 },
				"south": { "uv": [ 3, 10.5, 5, 12 ], "texture": "#texture" },
				"west": { "uv": [ 3, 10, 4, 12 ], "texture": "#texture" },
				"east": { "uv": [ 4, 10, 5, 12 ], "texture": "#texture" }
			}
		},
		{
			"__comment": "Metal8",
			"from": [ 4, 0, 8 ],
			"to": [ 6, 1.5, 10 ],
			"faces": {
				"down": { "uv": [ 4, 8, 6, 10 ], "texture": "#texture", "cullface": "down" },
				"up": { "uv": [ 4, 8, 6, 10 ], "texture": "#texture" },
				"north": { "uv": [ 4, 8, 6, 9.5 ], "texture": "#texture", "rotation": 180 },
				"south": { "uv": [ 4, 8.5, 6, 10 ], "texture": "#texture" },
				"west": { "uv": [ 4, 8, 5, 10 ], "texture": "#texture" },
				"east": { "uv": [ 5, 8, 6, 10 ], "texture": "#texture" }
			}
		},
		{
			"__comment": "Metal9",
			"from": [ 5, 0, 7 ],
			"to": [ 7, 1.5, 8 ],
			"faces": {
				"down": { "uv": [ 5, 7, 7, 8 ], "texture": "#texture", "cullface": "down" },
				"up": { "uv": [ 5, 7, 7, 8 ], "texture": "#texture" },
				"north": { "uv": [ 5, 7, 7, 8 ], "texture": "#texture", "rotation": 180 },
				"south": { "uv": [ 5, 7, 7, 8 ], "texture": "#texture" },
				"west": { "uv": [ 5, 7, 6, 8 ], "texture": "#texture" },
				"east": { "uv": [ 6, 7, 7, 8 ], "texture": "#texture" }
			}
		},
		{
			"__comment": "Metal10",
			"from": [ 6, 0, 6 ],
			"to": [ 8, 1.5, 7 ],
			"faces": {
				"down": { "uv": [ 6, 6, 8, 7 ], "texture": "#texture", "cullface": "down" },
				"up": { "uv": [ 6, 6, 8, 7 ], "texture": "#texture" },
				"north": { "uv": [ 6, 6, 8, 7 ], "texture": "#texture", "rotation": 180 },
				"south": { "uv": [ 6, 6, 8, 7 ], "texture": "#texture" },
				"west": { "uv": [ 6, 6, 7, 7 ], "texture": "#texture" },
				"east": { "uv": [ 7, 6, 8, 7 ], "texture": "#texture" }
			}
		},
		{
			"__comment": "Metal11",
			"from": [ 7, 0, 5 ],
			"to": [ 8, 1.5, 6 ],
			"faces": {
				"down": { "uv": [ 7, 5, 8, 6 ], "texture": "#texture", "cullface": "down" },
				"up": { "uv": [ 7, 5, 8, 6 ], "texture": "#texture" },
				"north": { "uv": [ 7, 5, 8, 6 ], "texture": "#texture" },
				"west": { "uv": [ 7, 5, 8, 6 ], "texture": "#texture" }
			}
		},
		{
			"__comment": "Box26",
			"from": [ 4, 0, 12 ],
			"to": [ 7, 1, 14 ],
			"faces": {
				"down": { "uv": [ 4, 12, 7, 14 ], "texture": "#texture", "cullface": "down" },
				"up": { "uv": [ 4, 12, 7, 14 ], "texture": "#texture" },
				"north": { "uv": [ 4, 12, 7, 13 ], "texture": "#texture" },
				"south": { "uv": [ 4, 13, 7, 14 ], "texture": "#texture" },
				"east": { "uv": [ 6, 12, 7, 14 ], "texture": "#texture", "rotation": 90 }
			}
		},
		{
			"__comment": "Box26",
			"from": [ 7, 0, 13 ],
			"to": [ 10, 1, 15 ],
			"faces": {
				"down": { "uv": [ 7, 13, 10, 15 ], "texture": "#texture", "cullface": "down" },
				"up": { "uv": [ 7, 13, 10, 15 ], "texture": "#texture" },
				"north": { "uv": [ 7, 13, 10, 14 ], "texture": "#texture" },
				"south": { "uv": [ 7, 14, 10, 15 ], "texture": "#texture" },
				"west": { "uv": [ 7, 13, 8, 15 ], "texture": "#texture", "rotation": 270 },
				"east": { "uv": [ 9, 13, 10, 15 ], "texture": "#texture", "rotation": 90 }
			}
		},
		{
			"__comment": "Box26",
			"from": [ 14, 0, 14 ],
			"to": [ 15, 1, 16 ],
			"faces": {
				"down": { "uv": [ 14, 14, 15, 16 ], "texture": "#texture", "cullface": "down" },
				"up": { "uv": [ 14, 14, 15, 16 ], "texture": "#texture" },
				"south": { "uv": [ 14, 15, 15, 16 ], "texture": "#texture", "cullface": "south" },
				"east": { "uv": [ 14, 14, 15, 16 ], "texture": "#texture", "rotation": 90 }
			}
		},
		{
			"__comment": "Box26",
			"from": [ 10, 0, 14 ],
			"to": [ 12, 1, 16 ],
			"faces": {
				"down": { "uv": [ 10, 14, 12, 16 ], "texture": "#texture", "cullface": "down" },
				"up": { "uv": [ 10, 14, 12, 16 ], "texture": "#texture" },
				"north": { "uv": [ 10, 14, 12, 15 ], "texture": "#texture" },
				"south": { "uv": [ 10, 15, 12, 16 ], "texture": "#texture", "cullface": "south" },
				"west": { "uv": [ 10, 14, 11, 16 ], "texture": "#texture", "rotation": 270 }
			}
		},
		{
			"__comment": "Box26",
			"from": [ 15, 0, 14 ],
			"to": [ 16, 1, 15 ],
			"faces": {
				"down": { "uv": [ 15, 14, 16, 15 ], "texture": "#texture", "cullface": "down" },
				"up": { "uv": [ 15, 14, 16, 15 ], "texture": "#texture" },
				"south": { "uv": [ 15, 14, 16, 15 ], "texture": "#texture" },
				"east": { "uv": [ 15, 14, 16, 15 ], "texture": "#texture", "cullface": "east" }
			}
		},
		{
			"__comment": "Box18",
			"from": [ 1, 0, 11 ],
			"to": [ 2, 1, 13 ],
			"faces": {
				"down": { "uv": [ 1, 11, 2, 13 ], "texture": "#texture", "cullface": "down" },
				"up": { "uv": [ 1, 11, 2, 13 ], "texture": "#texture" },
				"north": { "uv": [ 1, 11, 2, 12 ], "texture": "#texture" },
				"south": { "uv": [ 1, 12, 2, 13 ], "texture": "#texture" },
				"west": { "uv": [ 1, 11, 2, 13 ], "texture": "#texture" },
				"east": { "uv": [ 1, 11, 2, 13 ], "texture": "#texture" }
			}
		},
		{
			"__comment": "Box19",
			"from": [ 2, 0, 11 ],
			"to": [ 3, 1, 12 ],
			"faces": {
				"down": { "uv": [ 2, 11, 3, 12 ], "texture": "#texture", "cullface": "down" },
				"up": { "uv": [ 2, 11, 3, 12 ], "texture": "#texture" },
				"north": { "uv": [ 2, 11, 3, 12 ], "texture": "#texture" }
			}
		},
		{
			"__comment": "Box20",
			"from": [ 5, 0, 5 ],
			"to": [ 6, 1, 7 ],
			"faces": {
				"down": { "uv": [ 5, 5, 6, 7 ], "texture": "#texture", "cullface": "down" },
				"up": { "uv": [ 5, 5, 6, 7 ], "texture": "#texture" },
				"north": { "uv": [ 5, 5, 6, 6 ], "texture": "#texture" },
				"west": { "uv": [ 5, 5, 6, 7 ], "texture": "#texture", "rotation": 270 },
				"east": { "uv": [ 9, 15, 11, 16 ], "texture": "#texture" }
			}
		},
		{
			"__comment": "Box20",
			"from": [ 6, 0, 5 ],
			"to": [ 7, 1, 6 ],
			"faces": {
				"down": { "uv": [ 6, 5, 7, 6 ], "texture": "#texture", "cullface": "down" },
				"up": { "uv": [ 6, 5, 7, 6 ], "texture": "#texture" },
				"north": { "uv": [ 6, 5, 7, 6 ], "texture": "#texture" }
			}
		},
		{
			"__comment": "Box20",
			"from": [ 7, 0, 7 ],
			"to": [ 9, 1, 9 ],
			"faces": {
				"down": { "uv": [ 7, 7, 9, 9 ], "texture": "#texture", "cullface": "down" },
				"up": { "uv": [ 7, 7, 9, 9 ], "texture": "#texture" },
				"north": { "uv": [ 9, 7, 7, 8 ], "texture": "#texture" },
				"south": { "uv": [ 7, 8, 9, 9 ], "texture": "#texture" },
				"west": { "uv": [ 7, 7, 8, 9 ], "texture": "#texture", "rotation": 270 },
				"east": { "uv": [ 8, 7, 9, 9 ], "texture": "#texture", "rotation": 90 }
			}
		},
		{
			"__comment": "Box20",
			"from": [ 9, 0, 9 ],
			"to": [ 11, 1, 11 ],
			"faces": {
				"down": { "uv": [ 9, 9, 11, 11 ], "texture": "#texture", "cullface": "down" },
				"up": { "uv": [ 9, 9, 11, 11 ], "texture": "#texture" },
				"north": { "uv": [ 9, 9, 11, 10 ], "texture": "#texture", "rotation": 90 },
				"south": { "uv": [ 9, 10, 11, 11 ], "texture": "#texture" },
				"west": { "uv": [ 9, 9, 10, 11 ], "texture": "#texture", "rotation": 270 },
				"east": { "uv": [ 10, 9, 11, 11 ], "texture": "#texture" }
			}
		},
		{
			"__comment": "Box20",
			"from": [ 11, 0, 11 ],
			"to": [ 13, 1, 13 ],
			"faces": {
				"down": { "uv": [ 11, 11, 13, 13 ], "texture": "#texture", "cullface": "down" },
				"up": { "uv": [ 11, 11, 13, 13 ], "texture": "#texture" },
				"north": { "uv": [ 11, 11, 13, 12 ], "texture": "#texture" },
				"south": { "uv": [ 11, 12, 13, 13 ], "texture": "#texture" },
				"west": { "uv": [ 11, 11, 12, 13 ], "texture": "#texture", "rotation": 270 },
				"east": { "uv": [ 12, 11, 13, 13 ], "texture": "#texture", "rotation": 90 }
			}
		},
		{
			"__comment": "Box20",
			"from": [ 9, 0, 8 ],
			"to": [ 10, 1, 9 ],
			"faces": {
				"down": { "uv": [ 9, 8, 10, 9 ], "texture": "#texture", "cullface": "down" },
				"up": { "uv": [ 9, 8, 10, 9 ], "texture": "#texture" },
				"north": { "uv": [ 9, 8, 10, 9 ], "texture": "#texture" },
				"east": { "uv": [ 9, 8, 10, 9 ], "texture": "#texture" }
			}
		},
		{
			"__comment": "Box20",
			"from": [ 8, 0, 9 ],
			"to": [ 9, 1, 10 ],
			"faces": {
				"down": { "uv": [ 8, 9, 9, 10 ], "texture": "#texture", "cullface": "down" },
				"up": { "uv": [ 8, 9, 9, 10 ], "texture": "#texture" },
				"south": { "uv": [ 8, 9, 9, 10 ], "texture": "#texture" },
				"west": { "uv": [ 8, 9, 9, 10 ], "texture": "#texture" }
			}
		},
		{
			"__comment": "Box20",
			"from": [ 10, 0, 11 ],
			"to": [ 11, 1, 12 ],
			"faces": {
				"down": { "uv": [ 10, 11, 11, 12 ], "texture": "#texture", "cullface": "down" },
				"up": { "uv": [ 10, 11, 11, 12 ], "texture": "#texture" },
				"south": { "uv": [ 10, 11, 11, 12 ], "texture": "#texture" },
				"west": { "uv": [ 10, 11, 11, 12 ], "texture": "#texture" }
			}
		},
		{
			"__comment": "Box20",
			"from": [ 11, 0, 10 ],
			"to": [ 12, 1, 11 ],
			"faces": {
				"down": { "uv": [ 11, 10, 12, 11 ], "texture": "#texture", "cullface": "down" },
				"up": { "uv": [ 11, 10, 12, 11 ], "texture": "#texture" },
				"north": { "uv": [ 11, 10, 12, 11 ], "texture": "#texture" },
				"east": { "uv": [ 11, 10, 12, 11 ], "texture": "#texture" }
			}
		},
		{
			"__comment": "Box20",
			"from": [ 12, 0, 13 ],
			"to": [ 13, 1, 14 ],
			"faces": {
				"down": { "uv": [ 12, 14, 13, 13 ], "texture": "#texture", "cullface": "down" },
				"up": { "uv": [ 12, 13, 13, 14 ], "texture": "#texture" },
				"west": { "uv": [ 12, 13, 13, 14 ], "texture": "#texture", "rotation": 270 }
			}
		},
		{
			"__comment": "Box20",
			"from": [ 13, 0, 12 ],
			"to": [ 14, 1, 13 ],
			"faces": {
				"down": { "uv": [ 13, 13, 14, 12 ], "texture": "#texture", "cullface": "down" },
				"up": { "uv": [ 13, 12, 14, 13 ], "texture": "#texture" },
				"north": { "uv": [ 14, 13, 13, 12 ], "texture": "#texture" }
			}
		},
		{
			"__comment": "Box32",
			"from": [ 11, 0, 1 ],
			"to": [ 12, 1, 3 ],
			"faces": {
				"down": { "uv": [ 11, 1, 12, 3 ], "texture": "#texture", "cullface": "down" },
				"up": { "uv": [ 11, 1, 12, 3 ], "texture": "#texture" },
				"north": { "uv": [ 11, 1, 12, 2 ], "texture": "#texture" },
				"west": { "uv": [ 11, 1, 12, 3 ], "texture": "#texture", "rotation": 270 },
				"east": { "uv": [ 11, 1, 12, 3 ], "texture": "#texture", "rotation": 90 }
			}
		},
		{
			"__comment": "Box32",
			"from": [ 12, 0, 1 ],
			"to": [ 13, 1, 2 ],
			"faces": {
				"down": { "uv": [ 12, 2, 13, 1 ], "texture": "#texture", "cullface": "down" },
				"up": { "uv": [ 12, 1, 13, 2 ], "texture": "#texture" },
				"north": { "uv": [ 13, 2, 12, 1 ], "texture": "#texture" },
				"east": { "uv": [ 13, 1, 12, 2 ], "texture": "#texture", "rotation": 90 }
			}
		},
		{
			"__comment": "Box32",
			"from": [ 12, 0, 4 ],
			"to": [ 14, 1, 7 ],
			"faces": {
				"down": { "uv": [ 12, 4, 14, 7 ], "texture": "#texture", "cullface": "down" },
				"up": { "uv": [ 12, 4, 14, 7 ], "texture": "#texture" },
				"south": { "uv": [ 12, 6, 14, 7 ], "texture": "#texture" },
				"west": { "uv": [ 12, 4, 13, 7 ], "texture": "#texture", "rotation": 270 },
				"east": { "uv": [ 13, 4, 14, 7 ], "texture": "#texture", "rotation": 90 }
			}
		},
		{
			"__comment": "Box32",
			"from": [ 13, 0, 7 ],
			"to": [ 15, 1, 10 ],
			"faces": {
				"down": { "uv": [ 13, 7, 15, 10 ], "texture": "#texture", "cullface": "down" },
				"up": { "uv": [ 13, 7, 15, 10 ], "texture": "#texture" },
				"north": { "uv": [ 13, 7, 15, 8 ], "texture": "#texture" },
				"south": { "uv": [ 13, 9, 15, 10 ], "texture": "#texture" },
				"west": { "uv": [ 13, 7, 14, 10 ], "texture": "#texture", "rotation": 270 },
				"east": { "uv": [ 14, 7, 15, 10 ], "texture": "#texture", "rotation": 90 }
			}
		},
		{
			"__comment": "Box32",
			"from": [ 14, 0, 10 ],
			"to": [ 16, 1, 12 ],
			"faces": {
				"down": { "uv": [ 14, 10, 16, 12 ], "texture": "#texture", "cullface": "down" },
				"up": { "uv": [ 14, 10, 16, 12 ], "texture": "#texture" },
				"north": { "uv": [ 14, 10, 16, 11 ], "texture": "#texture" },
				"west": { "uv": [ 14, 10, 15, 12 ], "texture": "#texture", "rotation": 270 },
				"east": { "uv": [ 15, 10, 16, 12 ], "texture": "#texture", "cullface": "east", "rotation": 90 }
			}
		}
	]
}