{
	"__comment": "Designed by Creaper453 with Cubik Studio - https://cubik.studio",
	"textures": {
		"particle": "block/torch",
		"torch": "block/torch",
		"iron_bars": "block/iron_bars"
	},
	"elements": [ 	 
		{
			"__comment": "Element",
			"from": [ 3.8268, 3.9375, 7 ],
			"to": [ 5.8268, 13.9375, 9 ],
			"rotation": { "origin": [ 3.82683, 13.9375, 7 ], "axis": "z", "angle": -22.5 },
			"faces": {
				"down": { "uv": [ 9, 16, 7, 14 ], "texture": "#torch" },
				"up": { "uv": [ 7, 6, 9, 8 ], "texture": "#torch" },
				"north": { "uv": [ 7, 6, 9, 16 ], "texture": "#torch" },
				"south": { "uv": [ 7, 6, 9, 16 ], "texture": "#torch" },
				"west": { "uv": [ 7, 6, 9, 16 ], "texture": "#torch" },
				"east": { "uv": [ 7, 6, 9, 16 ], "texture": "#torch" }
			}
		},
		{
			"__comment": "Element",
			"from": [ 0, 3, 6.875 ],
			"to": [ 2, 4, 9.125 ],
			"faces": {
				"down": { "uv": [ 16, 9, 14, 7 ], "texture": "#iron_bars" },
				"up": { "uv": [ 0, 7, 2, 9 ], "texture": "#iron_bars" },
				"north": { "uv": [ 12, 12, 14, 13 ], "texture": "#iron_bars" },
				"south": { "uv": [ 2, 12, 4, 13 ], "texture": "#iron_bars" },
				"east": { "uv": [ 7, 12, 9, 13 ], "texture": "#iron_bars" }
			}
		},
		{
			"__comment": "Element",
			"from": [ 0, 8, 6 ],
			"to": [ 4, 10, 7 ],
			"faces": {
				"down": { "uv": [ 0, 8, 4, 9 ], "texture": "#iron_bars" },
				"up": { "uv": [ 8, 12, 12, 13 ], "texture": "#iron_bars" },
				"north": { "uv": [ 0, 7, 4, 9 ], "texture": "#iron_bars" },
				"south": { "uv": [ 7, 12, 11, 14 ], "texture": "#iron_bars" }
			}
		},
		{
			"__comment": "Element",
			"from": [ 0, 8, 9 ],
			"to": [ 4, 10, 10 ],
			"faces": {
				"down": { "uv": [ 5, 3, 9, 4 ], "texture": "#iron_bars" },
				"up": { "uv": [ 9, 13, 13, 14 ], "texture": "#iron_bars" },
				"north": { "uv": [ 0, 7, 4, 9 ], "texture": "#iron_bars" },
				"south": { "uv": [ 7, 12, 11, 14 ], "texture": "#iron_bars" }
			}
		},
		{
			"__comment": "Element",
			"from": [ 4, 8, 6 ],
			"to": [ 5, 10, 10 ],
			"faces": {
				"down": { "uv": [ 3, 2, 4, 6 ], "texture": "#iron_bars" },
				"up": { "uv": [ 8, 8, 9, 12 ], "texture": "#iron_bars" },
				"north": { "uv": [ 6, 2, 7, 4 ], "texture": "#iron_bars" },
				"south": { "uv": [ 7, 6, 8, 8 ], "texture": "#iron_bars" },
				"west": { "uv": [ 5, 2, 9, 4 ], "texture": "#iron_bars" },
				"east": { "uv": [ 7, 12, 11, 14 ], "texture": "#iron_bars" }
			}
		}
	]
}