{
	"__comment": "Designed by Creaper453 with Cubik Studio - https://cubik.studio",
	"ambientocclusion": false,
	"textures": {
		"particle": "block/powered_rail",
		"texture": "block/powered_rail"
	},
	"elements": [ 	 
		{
			"__comment": "Box1",
			"from": [ 2, -1.9375, -8.6875 ],
			"to": [ 5, -0.4375, 17.3125 ],
			"rotation": { "origin": [ 5.000002, -1.9375, 17.3125 ], "axis": "x", "angle": 45 },
			"faces": {
				"down": { "uv": [ 11, 16, 14, 0 ], "texture": "#texture", "rotation": 180 },
				"up": { "uv": [ 11, 0, 14, 16 ], "texture": "#texture", "rotation": 180 },
				"north": { "uv": [ 5, 0, 2, 1 ], "texture": "#texture" },
				"west": { "uv": [ 2, 9, 3, 10 ], "texture": "#texture" },
				"east": { "uv": [ 11, 0, 11.5, 16 ], "texture": "#texture", "rotation": 270 }
			}
		},
		{
			"__comment": "Box1",
			"from": [ 11, -1.9375, -8.6875 ],
			"to": [ 14, -0.4375, 17.3125 ],
			"rotation": { "origin": [ -0.999999, -1.9375, 17.3125 ], "axis": "x", "angle": 45 },
			"faces": {
				"down": { "uv": [ 14, 16, 11, 0 ], "texture": "#texture", "rotation": 180 },
				"up": { "uv": [ 14, 0, 11, 16 ], "texture": "#texture", "rotation": 180 },
				"north": { "uv": [ 11, 0, 14, 1 ], "texture": "#texture", "rotation": 180 },
				"west": { "uv": [ 11.5, 0, 12, 16 ], "texture": "#texture", "rotation": 90 },
				"east": { "uv": [ 13, 11, 14, 12 ], "texture": "#texture" }
			}
		},
		{
			"__comment": "Box14",
			"from": [ 5, 1.4375, 11.9375 ],
			"to": [ 11, 2.4375, 13.9375 ],
			"rotation": { "origin": [ 11, 1.4375, 13.9375 ], "axis": "x", "angle": 45 },
			"faces": {
				"down": { "uv": [ 5, 1, 11, 3 ], "texture": "#texture", "rotation": 180 },
				"up": { "uv": [ 5, 1, 11, 3 ], "texture": "#texture", "rotation": 180 },
				"north": { "uv": [ 5, 2, 11, 3 ], "texture": "#texture" },
				"south": { "uv": [ 5, 1, 11, 2 ], "texture": "#texture" },
				"west": { "uv": [ 11, 13, 12, 15 ], "texture": "#texture", "rotation": 90 },
				"east": { "uv": [ 4, 13, 5, 15 ], "texture": "#texture", "rotation": 270 }
			}
		},
		{
			"__comment": "Box14",
			"from": [ 5, 4.5938, 8.781199 ],
			"to": [ 11, 5.5938, 10.7812 ],
			"rotation": { "origin": [ 11, 4.59375, 10.78125 ], "axis": "x", "angle": 45 },
			"faces": {
				"down": { "uv": [ 5, 5, 11, 7 ], "texture": "#texture", "rotation": 180 },
				"up": { "uv": [ 5, 5, 11, 7 ], "texture": "#texture", "rotation": 180 },
				"north": { "uv": [ 5, 6, 11, 7 ], "texture": "#texture" },
				"south": { "uv": [ 5, 5, 11, 6 ], "texture": "#texture" },
				"west": { "uv": [ 11, 13, 12, 15 ], "texture": "#texture", "rotation": 90 },
				"east": { "uv": [ 4, 13, 5, 15 ], "texture": "#texture", "rotation": 270 }
			}
		},
		{
			"__comment": "Box14",
			"from": [ 5, 10.9062, 2.4688 ],
			"to": [ 11, 11.9062, 4.4688 ],
			"rotation": { "origin": [ 11, 10.90625, 4.46875 ], "axis": "x", "angle": 45 },
			"faces": {
				"down": { "uv": [ 5, 13, 11, 15 ], "texture": "#texture", "rotation": 180 },
				"up": { "uv": [ 5, 13, 11, 15 ], "texture": "#texture", "rotation": 180 },
				"north": { "uv": [ 5, 14, 11, 15 ], "texture": "#texture" },
				"south": { "uv": [ 5, 13, 11, 14 ], "texture": "#texture" },
				"west": { "uv": [ 11, 13, 12, 15 ], "texture": "#texture", "rotation": 90 },
				"east": { "uv": [ 4, 13, 5, 15 ], "texture": "#texture", "rotation": 270 }
			}
		},
		{
			"__comment": "Box14",
			"from": [ 5, 7.75, 5.6563 ],
			"to": [ 11, 8.75, 7.62505 ],
			"rotation": { "origin": [ 11, 7.75, 7.625 ], "axis": "x", "angle": 45 },
			"faces": {
				"down": { "uv": [ 5, 9, 11, 11 ], "texture": "#texture", "rotation": 180 },
				"up": { "uv": [ 5, 9, 11, 11 ], "texture": "#texture", "rotation": 180 },
				"north": { "uv": [ 5, 10, 11, 11 ], "texture": "#texture" },
				"south": { "uv": [ 5, 9, 11, 10 ], "texture": "#texture" },
				"west": { "uv": [ 11, 13, 12, 15 ], "texture": "#texture", "rotation": 90 },
				"east": { "uv": [ 4, 13, 5, 15 ], "texture": "#texture", "rotation": 270 }
			}
		},
		{
			"__comment": "Box8",
			"from": [ 1, 1.45, 13.925 ],
			"to": [ 2, 3.45, 14.925 ],
			"rotation": { "origin": [ 2.000002, 1.45, 13.925 ], "axis": "x", "angle": -45 },
			"faces": {
				"down": { "uv": [ 1, 13, 2, 14 ], "texture": "#texture" },
				"up": { "uv": [ 2, 15, 1, 14 ], "texture": "#texture" },
				"north": { "uv": [ 2, 15, 1, 13 ], "texture": "#texture" },
				"south": { "uv": [ 1, 13, 2, 15 ], "texture": "#texture", "rotation": 180 },
				"west": { "uv": [ 1, 13, 2, 15 ], "texture": "#texture", "rotation": 180 },
				"east": { "uv": [ 1, 13, 2, 15 ], "texture": "#texture", "rotation": 180 }
			}
		},
		{
			"__comment": "Box8",
			"from": [ 14, 1.45, 11.925 ],
			"to": [ 15, 2.45, 13.925 ],
			"rotation": { "origin": [ 15, 1.45, 13.92499 ], "axis": "x", "angle": 45 },
			"faces": {
				"down": { "uv": [ 1, 13, 2, 15 ], "texture": "#texture" },
				"up": { "uv": [ 1, 13, 2, 15 ], "texture": "#texture", "rotation": 180 },
				"north": { "uv": [ 1, 14, 2, 15 ], "texture": "#texture" },
				"south": { "uv": [ 1, 13, 2, 14 ], "texture": "#texture" },
				"west": { "uv": [ 1, 13, 2, 15 ], "texture": "#texture", "rotation": 90 },
				"east": { "uv": [ 1, 13, 2, 15 ], "texture": "#texture", "rotation": 270 }
			}
		},
		{
			"__comment": "Box8",
			"from": [ 14, 4.5938, 8.781199 ],
			"to": [ 15, 5.5938, 10.7812 ],
			"rotation": { "origin": [ 15, 4.59375, 10.78125 ], "axis": "x", "angle": 45 },
			"faces": {
				"down": { "uv": [ 1, 13, 2, 15 ], "texture": "#texture" },
				"up": { "uv": [ 1, 13, 2, 15 ], "texture": "#texture", "rotation": 180 },
				"north": { "uv": [ 1, 14, 2, 15 ], "texture": "#texture" },
				"south": { "uv": [ 1, 13, 2, 14 ], "texture": "#texture" },
				"west": { "uv": [ 1, 13, 2, 15 ], "texture": "#texture", "rotation": 90 },
				"east": { "uv": [ 1, 13, 2, 15 ], "texture": "#texture", "rotation": 270 }
			}
		},
		{
			"__comment": "Box8",
			"from": [ 1, 4.5937, 10.7812 ],
			"to": [ 2, 6.5937, 11.7812 ],
			"rotation": { "origin": [ 2.000002, 4.59375, 10.78125 ], "axis": "x", "angle": -45 },
			"faces": {
				"down": { "uv": [ 2, 14, 1, 13 ], "texture": "#texture", "rotation": 180 },
				"up": { "uv": [ 1, 14, 2, 15 ], "texture": "#texture", "rotation": 180 },
				"north": { "uv": [ 1, 13, 2, 15 ], "texture": "#texture", "rotation": 180 },
				"south": { "uv": [ 2, 15, 1, 13 ], "texture": "#texture" },
				"west": { "uv": [ 1, 13, 2, 15 ], "texture": "#texture", "rotation": 180 },
				"east": { "uv": [ 1, 13, 2, 15 ], "texture": "#texture", "rotation": 180 }
			}
		},
		{
			"__comment": "Box8",
			"from": [ 1, 7.7375, 7.6375 ],
			"to": [ 2, 9.737499, 8.6375 ],
			"rotation": { "origin": [ 2.000002, 7.7375, 7.637502 ], "axis": "x", "angle": -45 },
			"faces": {
				"down": { "uv": [ 1, 13, 2, 14 ], "texture": "#texture" },
				"up": { "uv": [ 2, 15, 1, 14 ], "texture": "#texture" },
				"north": { "uv": [ 2, 15, 1, 13 ], "texture": "#texture" },
				"south": { "uv": [ 1, 13, 2, 15 ], "texture": "#texture", "rotation": 180 },
				"west": { "uv": [ 1, 13, 2, 15 ], "texture": "#texture", "rotation": 180 },
				"east": { "uv": [ 1, 13, 2, 15 ], "texture": "#texture", "rotation": 180 }
			}
		},
		{
			"__comment": "Box8",
			"from": [ 14, 7.7375, 5.6375 ],
			"to": [ 15, 8.737499, 7.6375 ],
			"rotation": { "origin": [ 15, 7.7375, 7.637498 ], "axis": "x", "angle": 45 },
			"faces": {
				"down": { "uv": [ 1, 13, 2, 15 ], "texture": "#texture" },
				"up": { "uv": [ 1, 13, 2, 15 ], "texture": "#texture", "rotation": 180 },
				"north": { "uv": [ 1, 14, 2, 15 ], "texture": "#texture" },
				"south": { "uv": [ 1, 13, 2, 14 ], "texture": "#texture" },
				"west": { "uv": [ 1, 13, 2, 15 ], "texture": "#texture", "rotation": 90 },
				"east": { "uv": [ 1, 13, 2, 15 ], "texture": "#texture", "rotation": 270 }
			}
		},
		{
			"__comment": "Box8",
			"from": [ 14, 10.9062, 4.4688 ],
			"to": [ 15, 12.9062, 5.4688 ],
			"rotation": { "origin": [ 15, 10.90625, 4.46875 ], "axis": "x", "angle": -45 },
			"faces": {
				"down": { "uv": [ 2, 14, 1, 13 ], "texture": "#texture", "rotation": 180 },
				"up": { "uv": [ 1, 14, 2, 15 ], "texture": "#texture", "rotation": 180 },
				"north": { "uv": [ 1, 13, 2, 15 ], "texture": "#texture", "rotation": 180 },
				"south": { "uv": [ 2, 15, 1, 13 ], "texture": "#texture" },
				"west": { "uv": [ 1, 13, 2, 15 ], "texture": "#texture", "rotation": 180 },
				"east": { "uv": [ 1, 13, 2, 15 ], "texture": "#texture", "rotation": 180 }
			}
		},
		{
			"__comment": "Box8",
			"from": [ 1, 10.9125, 2.4625 ],
			"to": [ 2, 11.9125, 4.4625 ],
			"rotation": { "origin": [ 2, 10.9125, 4.462502 ], "axis": "x", "angle": 45 },
			"faces": {
				"down": { "uv": [ 1, 13, 2, 15 ], "texture": "#texture" },
				"up": { "uv": [ 1, 13, 2, 15 ], "texture": "#texture", "rotation": 180 },
				"north": { "uv": [ 1, 14, 2, 15 ], "texture": "#texture" },
				"south": { "uv": [ 1, 13, 2, 14 ], "texture": "#texture" },
				"west": { "uv": [ 1, 13, 2, 15 ], "texture": "#texture", "rotation": 90 },
				"east": { "uv": [ 1, 13, 2, 15 ], "texture": "#texture", "rotation": 270 }
			}
		},
		{
			"__comment": "Box8",
			"from": [ 14, 14.0312, -0.6562 ],
			"to": [ 15, 15.0312, 1.3438 ],
			"rotation": { "origin": [ 15, 14.03125, 1.34375 ], "axis": "x", "angle": 45 },
			"faces": {
				"down": { "uv": [ 2, 15, 1, 13 ], "texture": "#texture", "cullface": "up", "rotation": 180 },
				"up": { "uv": [ 2, 15, 1, 13 ], "texture": "#texture", "cullface": "up" },
				"north": { "uv": [ 2, 15, 1, 14 ], "texture": "#texture", "cullface": "up", "rotation": 180 },
				"south": { "uv": [ 2, 14, 1, 13 ], "texture": "#texture", "cullface": "up", "rotation": 180 },
				"west": { "uv": [ 1, 13, 2, 15 ], "texture": "#texture", "cullface": "up", "rotation": 90 },
				"east": { "uv": [ 1, 13, 2, 15 ], "texture": "#texture", "cullface": "up", "rotation": 270 }
			}
		},
		{
			"__comment": "Box14",
			"from": [ 5, 14.0312, -0.6562 ],
			"to": [ 11, 15.0312, 1.3438 ],
			"rotation": { "origin": [ 11, 14.03125, 1.34375 ], "axis": "x", "angle": 45 },
			"faces": {
				"down": { "uv": [ 5, 13, 11, 15 ], "texture": "#texture", "cullface": "up", "rotation": 180 },
				"up": { "uv": [ 5, 13, 11, 15 ], "texture": "#texture", "cullface": "up", "rotation": 180 },
				"north": { "uv": [ 5, 14, 11, 15 ], "texture": "#texture", "cullface": "up" },
				"south": { "uv": [ 5, 13, 11, 14 ], "texture": "#texture", "cullface": "up" },
				"west": { "uv": [ 11, 13, 12, 15 ], "texture": "#texture", "cullface": "up", "rotation": 90 },
				"east": { "uv": [ 4, 13, 5, 15 ], "texture": "#texture", "cullface": "up", "rotation": 270 }
			}
		},
		{
			"__comment": "Box8",
			"from": [ 1, 14.0312, -0.6562 ],
			"to": [ 2, 15.0312, 1.3438 ],
			"rotation": { "origin": [ 2, 14.03125, 1.343752 ], "axis": "x", "angle": 45 },
			"faces": {
				"down": { "uv": [ 1, 13, 2, 15 ], "texture": "#texture", "cullface": "up" },
				"up": { "uv": [ 1, 13, 2, 15 ], "texture": "#texture", "cullface": "up", "rotation": 180 },
				"north": { "uv": [ 1, 14, 2, 15 ], "texture": "#texture", "cullface": "up" },
				"south": { "uv": [ 1, 13, 2, 14 ], "texture": "#texture", "cullface": "up" },
				"west": { "uv": [ 1, 13, 2, 15 ], "texture": "#texture", "cullface": "up", "rotation": 90 },
				"east": { "uv": [ 1, 13, 2, 15 ], "texture": "#texture", "cullface": "up", "rotation": 270 }
			}
		},
		{
			"__comment": "Box18",
			"from": [ 7, 2.8437, 10.0312 ],
			"to": [ 9, 3.3437, 12.5312 ],
			"rotation": { "origin": [ 9, 2.84375, 12.53125 ], "axis": "x", "angle": 45 },
			"faces": {
				"down": { "uv": [ 7, 11, 9, 13 ], "texture": "#texture", "rotation": 180 },
				"up": { "uv": [ 7, 11, 9, 13 ], "texture": "#texture", "rotation": 180 },
				"north": { "uv": [ 7, 12, 9, 13 ], "texture": "#texture" },
				"south": { "uv": [ 7, 11, 9, 12 ], "texture": "#texture" },
				"west": { "uv": [ 8, 11, 9, 13 ], "texture": "#texture" },
				"east": { "uv": [ 7, 11, 8, 13 ], "texture": "#texture", "rotation": 270 }
			}
		},
		{
			"__comment": "Box18",
			"from": [ 7, 6, 6.875 ],
			"to": [ 9, 6.5, 9.375 ],
			"rotation": { "origin": [ 9, 6, 9.375 ], "axis": "x", "angle": 45 },
			"faces": {
				"down": { "uv": [ 7, 11, 9, 13 ], "texture": "#texture", "rotation": 180 },
				"up": { "uv": [ 7, 11, 9, 13 ], "texture": "#texture", "rotation": 180 },
				"north": { "uv": [ 7, 12, 9, 13 ], "texture": "#texture" },
				"south": { "uv": [ 7, 11, 9, 12 ], "texture": "#texture" },
				"west": { "uv": [ 8, 11, 9, 13 ], "texture": "#texture" },
				"east": { "uv": [ 7, 11, 8, 13 ], "texture": "#texture", "rotation": 270 }
			}
		},
		{
			"__comment": "Box18",
			"from": [ 7, 9.156199, 3.7188 ],
			"to": [ 9, 9.656199, 6.2188 ],
			"rotation": { "origin": [ 9, 9.15625, 6.21875 ], "axis": "x", "angle": 45 },
			"faces": {
				"down": { "uv": [ 7, 11, 9, 13 ], "texture": "#texture", "rotation": 180 },
				"up": { "uv": [ 7, 11, 9, 13 ], "texture": "#texture", "rotation": 180 },
				"north": { "uv": [ 7, 12, 9, 13 ], "texture": "#texture" },
				"south": { "uv": [ 7, 11, 9, 12 ], "texture": "#texture" },
				"west": { "uv": [ 8, 11, 9, 13 ], "texture": "#texture" },
				"east": { "uv": [ 7, 11, 8, 13 ], "texture": "#texture", "rotation": 270 }
			}
		},
		{
			"__comment": "Box18",
			"from": [ 7, 12.3125, 0.5625 ],
			"to": [ 9, 12.8125, 3.0625 ],
			"rotation": { "origin": [ 8.999999, 12.3125, 3.0625 ], "axis": "x", "angle": 45 },
			"faces": {
				"down": { "uv": [ 7, 11, 9, 13 ], "texture": "#texture", "rotation": 180 },
				"up": { "uv": [ 7, 11, 9, 13 ], "texture": "#texture", "rotation": 180 },
				"north": { "uv": [ 7, 12, 9, 13 ], "texture": "#texture" },
				"south": { "uv": [ 7, 11, 9, 12 ], "texture": "#texture" },
				"west": { "uv": [ 8, 11, 9, 13 ], "texture": "#texture" },
				"east": { "uv": [ 7, 11, 8, 13 ], "texture": "#texture", "rotation": 270 }
			}
		}
	]
}