{
	"__comment": "Designed by Creaper453 with Cubik Studio - https://cubik.studio",
	"ambientocclusion": false,
	"textures": {
		"particle": "block/powered_rail",
		"texture": "block/powered_rail"
	},
	"elements": [ 	 
		{
			"__comment": "Box1",
			"from": [ 11, -1.9375, -1.3125 ],
			"to": [ 14, -0.4375, 24.6875 ],
			"rotation": { "origin": [ 11, -1.9375, -1.3125 ], "axis": "x", "angle": -45 },
			"faces": {
				"down": { "uv": [ 11, 16, 14, 0 ], "texture": "#texture" },
				"up": { "uv": [ 11, 0, 14, 16 ], "texture": "#texture" },
				"south": { "uv": [ 11, 0, 14, 1.0625 ], "texture": "#texture" },
				"west": { "uv": [ 11, 0, 11.5, 16 ], "texture": "#texture", "rotation": 270 },
				"east": { "uv": [ 13, 11, 14, 12 ], "texture": "#texture" }
			}
		},
		{
			"__comment": "Box1",
			"from": [ 2, -1.9375, -1.3125 ],
			"to": [ 5, -0.4375, 24.6875 ],
			"rotation": { "origin": [ 17, -1.9375, -1.3125 ], "axis": "x", "angle": -45 },
			"faces": {
				"down": { "uv": [ 14, 16, 11, 0 ], "texture": "#texture" },
				"up": { "uv": [ 14, 0, 11, 16 ], "texture": "#texture" },
				"south": { "uv": [ 2, 0, 5, 1 ], "texture": "#texture" },
				"west": { "uv": [ 2, 9, 3, 10 ], "texture": "#texture" },
				"east": { "uv": [ 11, 0, 11.5, 16 ], "texture": "#texture", "rotation": 90 }
			}
		},
		{
			"__comment": "Box14",
			"from": [ 5, 1.4375, 2.0625 ],
			"to": [ 11, 2.4375, 4.0625 ],
			"rotation": { "origin": [ 5, 1.4375, 2.0625 ], "axis": "x", "angle": -45 },
			"faces": {
				"down": { "uv": [ 5, 1, 11, 3 ], "texture": "#texture" },
				"up": { "uv": [ 5, 1, 11, 3 ], "texture": "#texture" },
				"north": { "uv": [ 5, 1, 11, 2 ], "texture": "#texture" },
				"south": { "uv": [ 5, 2, 11, 3 ], "texture": "#texture" },
				"west": { "uv": [ 4, 13, 5, 15 ], "texture": "#texture", "rotation": 270 },
				"east": { "uv": [ 11, 13, 12, 15 ], "texture": "#texture", "rotation": 90 }
			}
		},
		{
			"__comment": "Box14",
			"from": [ 5, 4.5938, 5.2187 ],
			"to": [ 11, 5.5938, 7.2187 ],
			"rotation": { "origin": [ 5, 4.59375, 5.21875 ], "axis": "x", "angle": -45 },
			"faces": {
				"down": { "uv": [ 5, 5, 11, 7 ], "texture": "#texture" },
				"up": { "uv": [ 5, 5, 11, 7 ], "texture": "#texture" },
				"north": { "uv": [ 5, 5, 11, 6 ], "texture": "#texture" },
				"south": { "uv": [ 5, 6, 11, 7 ], "texture": "#texture" },
				"west": { "uv": [ 4, 13, 5, 15 ], "texture": "#texture", "rotation": 270 },
				"east": { "uv": [ 11, 13, 12, 15 ], "texture": "#texture", "rotation": 90 }
			}
		},
		{
			"__comment": "Box14",
			"from": [ 5, 10.9062, 11.5312 ],
			"to": [ 11, 11.9062, 13.5312 ],
			"rotation": { "origin": [ 5, 10.90625, 11.53125 ], "axis": "x", "angle": -45 },
			"faces": {
				"down": { "uv": [ 5, 13, 11, 15 ], "texture": "#texture" },
				"up": { "uv": [ 5, 13, 11, 15 ], "texture": "#texture" },
				"north": { "uv": [ 5, 13, 11, 14 ], "texture": "#texture" },
				"south": { "uv": [ 5, 14, 11, 15 ], "texture": "#texture" },
				"west": { "uv": [ 4, 13, 5, 15 ], "texture": "#texture", "rotation": 270 },
				"east": { "uv": [ 11, 13, 12, 15 ], "texture": "#texture", "rotation": 90 }
			}
		},
		{
			"__comment": "Box14",
			"from": [ 5, 7.75, 8.375 ],
			"to": [ 11, 8.75, 10.34375 ],
			"rotation": { "origin": [ 5, 7.75, 8.375 ], "axis": "x", "angle": -45 },
			"faces": {
				"down": { "uv": [ 5, 9, 11, 11 ], "texture": "#texture" },
				"up": { "uv": [ 5, 9, 11, 11 ], "texture": "#texture" },
				"north": { "uv": [ 5, 9, 11, 10 ], "texture": "#texture" },
				"south": { "uv": [ 5, 10, 11, 11 ], "texture": "#texture" },
				"west": { "uv": [ 4, 13, 5, 15 ], "texture": "#texture", "rotation": 270 },
				"east": { "uv": [ 11, 13, 12, 15 ], "texture": "#texture", "rotation": 90 }
			}
		},
		{
			"__comment": "Box8",
			"from": [ 14, 1.45, 1.075 ],
			"to": [ 15, 3.45, 2.075 ],
			"rotation": { "origin": [ 14, 1.45, 2.075 ], "axis": "x", "angle": 45 },
			"faces": {
				"down": { "uv": [ 1, 13, 2, 14 ], "texture": "#texture", "rotation": 180 },
				"up": { "uv": [ 2, 15, 1, 14 ], "texture": "#texture", "rotation": 180 },
				"north": { "uv": [ 1, 13, 2, 15 ], "texture": "#texture", "rotation": 180 },
				"south": { "uv": [ 2, 15, 1, 13 ], "texture": "#texture" },
				"west": { "uv": [ 1, 13, 2, 15 ], "texture": "#texture", "rotation": 180 },
				"east": { "uv": [ 1, 13, 2, 15 ], "texture": "#texture", "rotation": 180 }
			}
		},
		{
			"__comment": "Box8",
			"from": [ 1, 1.45, 2.075 ],
			"to": [ 2, 2.45, 4.075 ],
			"rotation": { "origin": [ 1, 1.45, 2.075004 ], "axis": "x", "angle": -45 },
			"faces": {
				"down": { "uv": [ 1, 13, 2, 15 ], "texture": "#texture", "rotation": 180 },
				"up": { "uv": [ 1, 13, 2, 15 ], "texture": "#texture" },
				"north": { "uv": [ 1, 13, 2, 14 ], "texture": "#texture" },
				"south": { "uv": [ 1, 14, 2, 15 ], "texture": "#texture" },
				"west": { "uv": [ 1, 13, 2, 15 ], "texture": "#texture", "rotation": 270 },
				"east": { "uv": [ 1, 13, 2, 15 ], "texture": "#texture", "rotation": 90 }
			}
		},
		{
			"__comment": "Box8",
			"from": [ 1, 4.5938, 5.2188 ],
			"to": [ 2, 5.5938, 7.2188 ],
			"rotation": { "origin": [ 1.000002, 4.59375, 5.218751 ], "axis": "x", "angle": -45 },
			"faces": {
				"down": { "uv": [ 1, 13, 2, 15 ], "texture": "#texture", "rotation": 180 },
				"up": { "uv": [ 1, 13, 2, 15 ], "texture": "#texture" },
				"north": { "uv": [ 1, 13, 2, 14 ], "texture": "#texture" },
				"south": { "uv": [ 1, 14, 2, 15 ], "texture": "#texture" },
				"west": { "uv": [ 1, 13, 2, 15 ], "texture": "#texture", "rotation": 270 },
				"east": { "uv": [ 1, 13, 2, 15 ], "texture": "#texture", "rotation": 90 }
			}
		},
		{
			"__comment": "Box8",
			"from": [ 14, 4.5937, 4.2188 ],
			"to": [ 15, 6.5937, 5.2188 ],
			"rotation": { "origin": [ 14, 4.59375, 5.21875 ], "axis": "x", "angle": 45 },
			"faces": {
				"down": { "uv": [ 2, 14, 1, 13 ], "texture": "#texture" },
				"up": { "uv": [ 1, 14, 2, 15 ], "texture": "#texture" },
				"north": { "uv": [ 2, 15, 1, 13 ], "texture": "#texture" },
				"south": { "uv": [ 1, 13, 2, 15 ], "texture": "#texture", "rotation": 180 },
				"west": { "uv": [ 1, 13, 2, 15 ], "texture": "#texture", "rotation": 180 },
				"east": { "uv": [ 1, 13, 2, 15 ], "texture": "#texture", "rotation": 180 }
			}
		},
		{
			"__comment": "Box8",
			"from": [ 14, 7.7375, 7.3625 ],
			"to": [ 15, 9.737499, 8.362499 ],
			"rotation": { "origin": [ 14, 7.7375, 8.362499 ], "axis": "x", "angle": 45 },
			"faces": {
				"down": { "uv": [ 1, 13, 2, 14 ], "texture": "#texture", "rotation": 180 },
				"up": { "uv": [ 2, 15, 1, 14 ], "texture": "#texture", "rotation": 180 },
				"north": { "uv": [ 1, 13, 2, 15 ], "texture": "#texture", "rotation": 180 },
				"south": { "uv": [ 2, 15, 1, 13 ], "texture": "#texture" },
				"west": { "uv": [ 1, 13, 2, 15 ], "texture": "#texture", "rotation": 180 },
				"east": { "uv": [ 1, 13, 2, 15 ], "texture": "#texture", "rotation": 180 }
			}
		},
		{
			"__comment": "Box8",
			"from": [ 1, 7.7375, 8.3625 ],
			"to": [ 2, 8.737499, 10.3625 ],
			"rotation": { "origin": [ 1.000002, 7.7375, 8.362501 ], "axis": "x", "angle": -45 },
			"faces": {
				"down": { "uv": [ 1, 13, 2, 15 ], "texture": "#texture", "rotation": 180 },
				"up": { "uv": [ 1, 13, 2, 15 ], "texture": "#texture" },
				"north": { "uv": [ 1, 13, 2, 14 ], "texture": "#texture" },
				"south": { "uv": [ 1, 14, 2, 15 ], "texture": "#texture" },
				"west": { "uv": [ 1, 13, 2, 15 ], "texture": "#texture", "rotation": 270 },
				"east": { "uv": [ 1, 13, 2, 15 ], "texture": "#texture", "rotation": 90 }
			}
		},
		{
			"__comment": "Box8",
			"from": [ 1, 10.9062, 10.5312 ],
			"to": [ 2, 12.9062, 11.5312 ],
			"rotation": { "origin": [ 1, 10.90625, 11.53125 ], "axis": "x", "angle": 45 },
			"faces": {
				"down": { "uv": [ 2, 14, 1, 13 ], "texture": "#texture" },
				"up": { "uv": [ 1, 14, 2, 15 ], "texture": "#texture" },
				"north": { "uv": [ 2, 15, 1, 13 ], "texture": "#texture" },
				"south": { "uv": [ 1, 13, 2, 15 ], "texture": "#texture", "rotation": 180 },
				"west": { "uv": [ 1, 13, 2, 15 ], "texture": "#texture", "rotation": 180 },
				"east": { "uv": [ 1, 13, 2, 15 ], "texture": "#texture", "rotation": 180 }
			}
		},
		{
			"__comment": "Box8",
			"from": [ 14, 10.9125, 11.5375 ],
			"to": [ 15, 11.9125, 13.5375 ],
			"rotation": { "origin": [ 14, 10.9125, 11.5375 ], "axis": "x", "angle": -45 },
			"faces": {
				"down": { "uv": [ 1, 13, 2, 15 ], "texture": "#texture", "rotation": 180 },
				"up": { "uv": [ 1, 13, 2, 15 ], "texture": "#texture" },
				"north": { "uv": [ 1, 13, 2, 14 ], "texture": "#texture" },
				"south": { "uv": [ 1, 14, 2, 15 ], "texture": "#texture" },
				"west": { "uv": [ 1, 13, 2, 15 ], "texture": "#texture", "rotation": 270 },
				"east": { "uv": [ 1, 13, 2, 15 ], "texture": "#texture", "rotation": 90 }
			}
		},
		{
			"__comment": "Box8",
			"from": [ 1, 14.0312, 13.6562 ],
			"to": [ 2, 16.0312, 14.6562 ],
			"rotation": { "origin": [ 1, 14.03125, 14.65625 ], "axis": "x", "angle": 45 },
			"faces": {
				"down": { "uv": [ 2, 14, 1, 13 ], "texture": "#texture", "cullface": "up" },
				"up": { "uv": [ 1, 14, 2, 15 ], "texture": "#texture", "cullface": "up" },
				"north": { "uv": [ 2, 15, 1, 13 ], "texture": "#texture", "cullface": "up" },
				"south": { "uv": [ 1, 13, 2, 15 ], "texture": "#texture", "cullface": "up", "rotation": 180 },
				"west": { "uv": [ 1, 13, 2, 15 ], "texture": "#texture", "cullface": "up", "rotation": 180 },
				"east": { "uv": [ 1, 13, 2, 15 ], "texture": "#texture", "cullface": "up", "rotation": 180 }
			}
		},
		{
			"__comment": "Box14",
			"from": [ 5, 14.0312, 14.6562 ],
			"to": [ 11, 15.0312, 16.6562 ],
			"rotation": { "origin": [ 5, 14.03125, 14.65625 ], "axis": "x", "angle": -45 },
			"faces": {
				"down": { "uv": [ 5, 13, 11, 15 ], "texture": "#texture", "cullface": "up" },
				"up": { "uv": [ 5, 13, 11, 15 ], "texture": "#texture", "cullface": "up" },
				"north": { "uv": [ 5, 13, 11, 14 ], "texture": "#texture", "cullface": "up" },
				"south": { "uv": [ 5, 14, 11, 15 ], "texture": "#texture", "cullface": "up" },
				"west": { "uv": [ 4, 13, 5, 15 ], "texture": "#texture", "cullface": "up", "rotation": 270 },
				"east": { "uv": [ 11, 13, 12, 15 ], "texture": "#texture", "cullface": "up", "rotation": 90 }
			}
		},
		{
			"__comment": "Box8",
			"from": [ 14, 14.0312, 14.6562 ],
			"to": [ 15, 15.0312, 16.6562 ],
			"rotation": { "origin": [ 14, 14.03125, 14.65625 ], "axis": "x", "angle": -45 },
			"faces": {
				"down": { "uv": [ 1, 13, 2, 15 ], "texture": "#texture", "cullface": "up", "rotation": 180 },
				"up": { "uv": [ 1, 13, 2, 15 ], "texture": "#texture", "cullface": "up" },
				"north": { "uv": [ 1, 13, 2, 14 ], "texture": "#texture", "cullface": "up" },
				"south": { "uv": [ 1, 14, 2, 15 ], "texture": "#texture", "cullface": "up" },
				"west": { "uv": [ 1, 13, 2, 15 ], "texture": "#texture", "cullface": "up", "rotation": 270 },
				"east": { "uv": [ 1, 13, 2, 15 ], "texture": "#texture", "cullface": "up", "rotation": 90 }
			}
		},
		{
			"__comment": "Box18",
			"from": [ 7, 2.8438, 3.4688 ],
			"to": [ 9, 3.3438, 5.9688 ],
			"rotation": { "origin": [ 7, 2.84375, 3.46875 ], "axis": "x", "angle": -45 },
			"faces": {
				"down": { "uv": [ 7, 11, 9, 13 ], "texture": "#texture" },
				"up": { "uv": [ 7, 11, 9, 13 ], "texture": "#texture" },
				"north": { "uv": [ 7, 11, 9, 12 ], "texture": "#texture" },
				"south": { "uv": [ 7, 12, 9, 13 ], "texture": "#texture" },
				"west": { "uv": [ 7, 11, 8, 13 ], "texture": "#texture", "rotation": 270 },
				"east": { "uv": [ 8, 11, 9, 13 ], "texture": "#texture" }
			}
		},
		{
			"__comment": "Box18",
			"from": [ 7, 6, 6.625 ],
			"to": [ 9, 6.5, 9.125 ],
			"rotation": { "origin": [ 7, 6, 6.625 ], "axis": "x", "angle": -45 },
			"faces": {
				"down": { "uv": [ 7, 11, 9, 13 ], "texture": "#texture" },
				"up": { "uv": [ 7, 11, 9, 13 ], "texture": "#texture" },
				"north": { "uv": [ 7, 11, 9, 12 ], "texture": "#texture" },
				"south": { "uv": [ 7, 12, 9, 13 ], "texture": "#texture" },
				"west": { "uv": [ 7, 11, 8, 13 ], "texture": "#texture", "rotation": 270 },
				"east": { "uv": [ 8, 11, 9, 13 ], "texture": "#texture" }
			}
		},
		{
			"__comment": "Box18",
			"from": [ 7, 9.156199, 9.781199 ],
			"to": [ 9, 9.656199, 12.2812 ],
			"rotation": { "origin": [ 7, 9.15625, 9.78125 ], "axis": "x", "angle": -45 },
			"faces": {
				"down": { "uv": [ 7, 11, 9, 13 ], "texture": "#texture" },
				"up": { "uv": [ 7, 11, 9, 13 ], "texture": "#texture" },
				"north": { "uv": [ 7, 11, 9, 12 ], "texture": "#texture" },
				"south": { "uv": [ 7, 12, 9, 13 ], "texture": "#texture" },
				"west": { "uv": [ 7, 11, 8, 13 ], "texture": "#texture", "rotation": 270 },
				"east": { "uv": [ 8, 11, 9, 13 ], "texture": "#texture" }
			}
		},
		{
			"__comment": "Box18",
			"from": [ 7, 12.3125, 12.9375 ],
			"to": [ 9, 12.8125, 15.4375 ],
			"rotation": { "origin": [ 7, 12.3125, 12.9375 ], "axis": "x", "angle": -45 },
			"faces": {
				"down": { "uv": [ 7, 11, 9, 13 ], "texture": "#texture" },
				"up": { "uv": [ 7, 11, 9, 13 ], "texture": "#texture" },
				"north": { "uv": [ 7, 11, 9, 12 ], "texture": "#texture" },
				"south": { "uv": [ 7, 12, 9, 13 ], "texture": "#texture" },
				"west": { "uv": [ 7, 11, 8, 13 ], "texture": "#texture", "rotation": 270 },
				"east": { "uv": [ 8, 11, 9, 13 ], "texture": "#texture" }
			}
		}
	]
}