{
	"__comment": "Designed by Creaper453 with Cubik Studio - https://cubik.studio",
	"ambientocclusion": false,
	"textures": {
		"particle": "block/sugar_cane",
		"texture": "block/sugar_cane"
	},
	"elements": [ 	 
		{
			"__comment": "Box1",
			"from": [ 2.5, -3.1738, 2.5 ],
			"to": [ 4.5, 12.8262, 4.5 ],
			"faces": {
				"down": { "uv": [ 1, 14, 3, 16 ], "texture": "#texture" },
				"up": { "uv": [ 1, 1, 3, 3 ], "texture": "#texture" },
				"north": { "uv": [ 13, 0, 15, 16 ], "texture": "#texture" },
				"south": { "uv": [ 1, 0, 3, 16 ], "texture": "#texture" },
				"west": { "uv": [ 5, 0, 7, 16 ], "texture": "#texture" },
				"east": { "uv": [ 13, 0, 15, 16 ], "texture": "#texture" }
			}
		},
		{
			"__comment": "Box1",
			"from": [ 12, 0, 9 ],
			"to": [ 14, 16, 11 ],
			"faces": {
				"down": { "uv": [ 13, 4.5, 15, 6.5 ], "texture": "#texture" },
				"up": { "uv": [ 13, 10, 15, 12 ], "texture": "#texture" },
				"north": { "uv": [ 9, 0, 11, 16 ], "texture": "#texture" },
				"south": { "uv": [ 13, 0, 15, 16 ], "texture": "#texture" },
				"west": { "uv": [ 9, 0, 11, 16 ], "texture": "#texture" },
				"east": { "uv": [ 5, 0, 7, 16 ], "texture": "#texture" }
			}
		},
		{
			"__comment": "Box1",
			"from": [ 5, -2, 11.5 ],
			"to": [ 7, 14, 13.5 ],
			"faces": {
				"down": { "uv": [ 9, 3, 11, 5 ], "texture": "#texture" },
				"up": { "uv": [ 5, 11, 7, 13 ], "texture": "#texture" },
				"north": { "uv": [ 9, 0, 11, 16 ], "texture": "#texture" },
				"south": { "uv": [ 5, 0, 7, 16 ], "texture": "#texture" },
				"west": { "uv": [ 9, 0, 11, 16 ], "texture": "#texture" },
				"east": { "uv": [ 13, 0, 15, 16 ], "texture": "#texture" }
			}
		},
		{
			"__comment": "Box1",
			"from": [ 9, -5, 5 ],
			"to": [ 11, 11, 7 ],
			"faces": {
				"down": { "uv": [ 9, 9, 11, 11 ], "texture": "#texture" },
				"up": { "uv": [ 9, 5, 11, 7 ], "texture": "#texture" },
				"north": { "uv": [ 5, 0, 7, 16 ], "texture": "#texture" },
				"south": { "uv": [ 9, 0, 11, 16 ], "texture": "#texture" },
				"west": { "uv": [ 5, 0, 7, 16 ], "texture": "#texture" },
				"east": { "uv": [ 9, 0, 11, 16 ], "texture": "#texture" }
			}
		},
		{
			"__comment": "Box5",
			"from": [ 2, -1.5, 2 ],
			"to": [ 3, 0.5, 3 ],
			"faces": {
				"down": { "uv": [ 0, 9, 1, 10 ], "texture": "#texture", "cullface": "down" },
				"up": { "uv": [ 0, 8, 1, 9 ], "texture": "#texture", "cullface": "down" },
				"north": { "uv": [ 0, 8, 1, 10 ], "texture": "#texture", "cullface": "down" },
				"south": { "uv": [ 0, 8, 1, 10 ], "texture": "#texture", "cullface": "down" },
				"west": { "uv": [ 0, 8, 1, 10 ], "texture": "#texture", "cullface": "down" },
				"east": { "uv": [ 0, 8, 1, 10 ], "texture": "#texture", "cullface": "down" }
			}
		},
		{
			"__comment": "Box6",
			"from": [ 4, 4.5397, 4 ],
			"to": [ 5, 6.5397, 5 ],
			"faces": {
				"down": { "uv": [ 3, 3, 4, 4 ], "texture": "#texture" },
				"up": { "uv": [ 3, 2, 4, 3 ], "texture": "#texture" },
				"north": { "uv": [ 3, 2, 4, 4 ], "texture": "#texture" },
				"south": { "uv": [ 3, 2, 4, 4 ], "texture": "#texture" },
				"west": { "uv": [ 3, 2, 4, 4 ], "texture": "#texture" },
				"east": { "uv": [ 3, 2, 4, 4 ], "texture": "#texture" }
			}
		},
		{
			"__comment": "Box7",
			"from": [ 4.5, 3, 13 ],
			"to": [ 5.5, 4, 14 ],
			"faces": {
				"down": { "uv": [ 4, 10, 5, 11 ], "texture": "#texture" },
				"up": { "uv": [ 4, 10, 5, 11 ], "texture": "#texture" },
				"north": { "uv": [ 4, 10, 5, 11 ], "texture": "#texture" },
				"south": { "uv": [ 4, 10, 5, 11 ], "texture": "#texture" },
				"west": { "uv": [ 4, 10, 5, 11 ], "texture": "#texture" },
				"east": { "uv": [ 4, 10, 5, 11 ], "texture": "#texture" }
			}
		},
		{
			"__comment": "Box8",
			"from": [ 6.5, 9, 11 ],
			"to": [ 7.5, 11, 12 ],
			"faces": {
				"down": { "uv": [ 7, 4, 8, 5 ], "texture": "#texture" },
				"up": { "uv": [ 7, 3, 8, 4 ], "texture": "#texture" },
				"north": { "uv": [ 7, 3, 8, 5 ], "texture": "#texture" },
				"south": { "uv": [ 7, 3, 8, 5 ], "texture": "#texture" },
				"west": { "uv": [ 7, 3, 8, 5 ], "texture": "#texture" },
				"east": { "uv": [ 7, 3, 8, 5 ], "texture": "#texture" }
			}
		},
		{
			"__comment": "Box9",
			"from": [ 11.5, 4, 8.5 ],
			"to": [ 12.5, 6, 9.5 ],
			"faces": {
				"down": { "uv": [ 8, 11, 9, 12 ], "texture": "#texture" },
				"up": { "uv": [ 8, 10, 9, 11 ], "texture": "#texture" },
				"north": { "uv": [ 8, 10, 9, 12 ], "texture": "#texture" },
				"south": { "uv": [ 8, 10, 9, 12 ], "texture": "#texture" },
				"west": { "uv": [ 8, 10, 9, 12 ], "texture": "#texture" },
				"east": { "uv": [ 8, 10, 9, 12 ], "texture": "#texture" }
			}
		},
		{
			"__comment": "Box10",
			"from": [ 12.5, 13, 11 ],
			"to": [ 13.5, 14, 12 ],
			"faces": {
				"down": { "uv": [ 11, 2, 12, 3 ], "texture": "#texture" },
				"up": { "uv": [ 11, 2, 12, 3 ], "texture": "#texture" },
				"south": { "uv": [ 11, 2, 12, 3 ], "texture": "#texture" },
				"west": { "uv": [ 11, 2, 12, 3 ], "texture": "#texture" },
				"east": { "uv": [ 11, 2, 12, 3 ], "texture": "#texture" }
			}
		},
		{
			"__comment": "Box11",
			"from": [ 8.5, 3, 4.5 ],
			"to": [ 9.5, 5, 5.5 ],
			"faces": {
				"down": { "uv": [ 15, 7, 16, 8 ], "texture": "#texture" },
				"up": { "uv": [ 15, 6, 16, 7 ], "texture": "#texture" },
				"north": { "uv": [ 15, 6, 16, 8 ], "texture": "#texture" },
				"south": { "uv": [ 15, 6, 16, 8 ], "texture": "#texture" },
				"west": { "uv": [ 15, 6, 16, 8 ], "texture": "#texture" },
				"east": { "uv": [ 15, 6, 16, 8 ], "texture": "#texture" }
			}
		},
		{
			"__comment": "Box12",
			"from": [ 10.5, -3, 6 ],
			"to": [ 11.5, -2, 7 ],
			"faces": {
				"down": { "uv": [ 12, 13, 13, 14 ], "texture": "#texture", "cullface": "down" },
				"up": { "uv": [ 12, 13, 13, 14 ], "texture": "#texture" },
				"north": { "uv": [ 12, 13, 13, 14 ], "texture": "#texture" },
				"south": { "uv": [ 12, 13, 13, 14 ], "texture": "#texture" },
				"east": { "uv": [ 12, 13, 13, 14 ], "texture": "#texture" }
			}
		}
	]
}