{
	"credit": "Made with Blockbench",
	"textures": {
		"0": "blocks/crown",
		"particle": "blocks/crown"
	},
	"elements": [
		{
			"name": "base",
			"from": [0, -3, 0],
			"to": [16, -2, 14],
			"faces": {
				"north": {"uv": [1.75, 1.75, 3.75, 1.875], "texture": "#0"},
				"east": {"uv": [0, 1.75, 1.75, 1.875], "texture": "#0"},
				"south": {"uv": [5.5, 1.75, 7.5, 1.875], "texture": "#0"},
				"west": {"uv": [3.75, 1.75, 5.5, 1.875], "texture": "#0"},
				"up": {"uv": [3.75, 1.75, 1.75, 0], "texture": "#0"},
				"down": {"uv": [5.75, 0, 3.75, 1.75], "texture": "#0"}
			}
		},
		{
			"from": [15, 2, 13],
			"to": [16, 5, 14],
			"faces": {
				"north": {"uv": [3.625, 7.125, 3.75, 7.5], "texture": "#0"},
				"east": {"uv": [3.5, 7.125, 3.625, 7.5], "texture": "#0"},
				"south": {"uv": [3.875, 7.125, 4, 7.5], "texture": "#0"},
				"west": {"uv": [3.75, 7.125, 3.875, 7.5], "texture": "#0"},
				"up": {"uv": [3.75, 7.125, 3.625, 7], "texture": "#0"},
				"down": {"uv": [3.875, 7, 3.75, 7.125], "texture": "#0"}
			}
		},
		{
			"from": [13, 2, 13],
			"to": [14, 4, 14],
			"faces": {
				"north": {"uv": [1.125, 8, 1.25, 8.25], "texture": "#0"},
				"east": {"uv": [1, 8, 1.125, 8.25], "texture": "#0"},
				"south": {"uv": [1.375, 8, 1.5, 8.25], "texture": "#0"},
				"west": {"uv": [1.25, 8, 1.375, 8.25], "texture": "#0"},
				"up": {"uv": [1.25, 8, 1.125, 7.875], "texture": "#0"},
				"down": {"uv": [1.375, 7.875, 1.25, 8], "texture": "#0"}
			}
		},
		{
			"from": [11, 2, 13],
			"to": [12, 5, 14],
			"faces": {
				"north": {"uv": [3.125, 7.125, 3.25, 7.5], "texture": "#0"},
				"east": {"uv": [3, 7.125, 3.125, 7.5], "texture": "#0"},
				"south": {"uv": [3.375, 7.125, 3.5, 7.5], "texture": "#0"},
				"west": {"uv": [3.25, 7.125, 3.375, 7.5], "texture": "#0"},
				"up": {"uv": [3.25, 7.125, 3.125, 7], "texture": "#0"},
				"down": {"uv": [3.375, 7, 3.25, 7.125], "texture": "#0"}
			}
		},
		{
			"from": [9, 2, 13],
			"to": [10, 4, 14],
			"faces": {
				"north": {"uv": [0.625, 8, 0.75, 8.25], "texture": "#0"},
				"east": {"uv": [0.5, 8, 0.625, 8.25], "texture": "#0"},
				"south": {"uv": [0.875, 8, 1, 8.25], "texture": "#0"},
				"west": {"uv": [0.75, 8, 0.875, 8.25], "texture": "#0"},
				"up": {"uv": [0.75, 8, 0.625, 7.875], "texture": "#0"},
				"down": {"uv": [0.875, 7.875, 0.75, 8], "texture": "#0"}
			}
		},
		{
			"from": [7, 2, 13],
			"to": [8, 5, 14],
			"faces": {
				"north": {"uv": [2.625, 7.125, 2.75, 7.5], "texture": "#0"},
				"east": {"uv": [2.5, 7.125, 2.625, 7.5], "texture": "#0"},
				"south": {"uv": [2.875, 7.125, 3, 7.5], "texture": "#0"},
				"west": {"uv": [2.75, 7.125, 2.875, 7.5], "texture": "#0"},
				"up": {"uv": [2.75, 7.125, 2.625, 7], "texture": "#0"},
				"down": {"uv": [2.875, 7, 2.75, 7.125], "texture": "#0"}
			}
		},
		{
			"from": [5, 2, 13],
			"to": [6, 4, 14],
			"faces": {
				"north": {"uv": [0.125, 8, 0.25, 8.25], "texture": "#0"},
				"east": {"uv": [0, 8, 0.125, 8.25], "texture": "#0"},
				"south": {"uv": [0.375, 8, 0.5, 8.25], "texture": "#0"},
				"west": {"uv": [0.25, 8, 0.375, 8.25], "texture": "#0"},
				"up": {"uv": [0.25, 8, 0.125, 7.875], "texture": "#0"},
				"down": {"uv": [0.375, 7.875, 0.25, 8], "texture": "#0"}
			}
		},
		{
			"from": [3, 2, 13],
			"to": [4, 5, 14],
			"faces": {
				"north": {"uv": [2.125, 7.125, 2.25, 7.5], "texture": "#0"},
				"east": {"uv": [2, 7.125, 2.125, 7.5], "texture": "#0"},
				"south": {"uv": [2.375, 7.125, 2.5, 7.5], "texture": "#0"},
				"west": {"uv": [2.25, 7.125, 2.375, 7.5], "texture": "#0"},
				"up": {"uv": [2.25, 7.125, 2.125, 7], "texture": "#0"},
				"down": {"uv": [2.375, 7, 2.25, 7.125], "texture": "#0"}
			}
		},
		{
			"from": [1, 2, 13],
			"to": [2, 4, 14],
			"faces": {
				"north": {"uv": [4.625, 7.625, 4.75, 7.875], "texture": "#0"},
				"east": {"uv": [4.5, 7.625, 4.625, 7.875], "texture": "#0"},
				"south": {"uv": [4.875, 7.625, 5, 7.875], "texture": "#0"},
				"west": {"uv": [4.75, 7.625, 4.875, 7.875], "texture": "#0"},
				"up": {"uv": [4.75, 7.625, 4.625, 7.5], "texture": "#0"},
				"down": {"uv": [4.875, 7.5, 4.75, 7.625], "texture": "#0"}
			}
		},
		{
			"from": [0, 2, 12],
			"to": [1, 5, 13],
			"faces": {
				"north": {"uv": [1.625, 7.125, 1.75, 7.5], "texture": "#0"},
				"east": {"uv": [1.5, 7.125, 1.625, 7.5], "texture": "#0"},
				"south": {"uv": [1.875, 7.125, 2, 7.5], "texture": "#0"},
				"west": {"uv": [1.75, 7.125, 1.875, 7.5], "texture": "#0"},
				"up": {"uv": [1.75, 7.125, 1.625, 7], "texture": "#0"},
				"down": {"uv": [1.875, 7, 1.75, 7.125], "texture": "#0"}
			}
		},
		{
			"from": [0, 2, 10],
			"to": [1, 4, 11],
			"faces": {
				"north": {"uv": [4.125, 7.625, 4.25, 7.875], "texture": "#0"},
				"east": {"uv": [4, 7.625, 4.125, 7.875], "texture": "#0"},
				"south": {"uv": [4.375, 7.625, 4.5, 7.875], "texture": "#0"},
				"west": {"uv": [4.25, 7.625, 4.375, 7.875], "texture": "#0"},
				"up": {"uv": [4.25, 7.625, 4.125, 7.5], "texture": "#0"},
				"down": {"uv": [4.375, 7.5, 4.25, 7.625], "texture": "#0"}
			}
		},
		{
			"from": [0, 2, 8],
			"to": [1, 5, 9],
			"faces": {
				"north": {"uv": [1.125, 7.125, 1.25, 7.5], "texture": "#0"},
				"east": {"uv": [1, 7.125, 1.125, 7.5], "texture": "#0"},
				"south": {"uv": [1.375, 7.125, 1.5, 7.5], "texture": "#0"},
				"west": {"uv": [1.25, 7.125, 1.375, 7.5], "texture": "#0"},
				"up": {"uv": [1.25, 7.125, 1.125, 7], "texture": "#0"},
				"down": {"uv": [1.375, 7, 1.25, 7.125], "texture": "#0"}
			}
		},
		{
			"from": [0, 2, 6],
			"to": [1, 4, 7],
			"faces": {
				"north": {"uv": [3.625, 7.625, 3.75, 7.875], "texture": "#0"},
				"east": {"uv": [3.5, 7.625, 3.625, 7.875], "texture": "#0"},
				"south": {"uv": [3.875, 7.625, 4, 7.875], "texture": "#0"},
				"west": {"uv": [3.75, 7.625, 3.875, 7.875], "texture": "#0"},
				"up": {"uv": [3.75, 7.625, 3.625, 7.5], "texture": "#0"},
				"down": {"uv": [3.875, 7.5, 3.75, 7.625], "texture": "#0"}
			}
		},
		{
			"from": [0, 2, 4],
			"to": [1, 5, 5],
			"faces": {
				"north": {"uv": [0.625, 7.125, 0.75, 7.5], "texture": "#0"},
				"east": {"uv": [0.5, 7.125, 0.625, 7.5], "texture": "#0"},
				"south": {"uv": [0.875, 7.125, 1, 7.5], "texture": "#0"},
				"west": {"uv": [0.75, 7.125, 0.875, 7.5], "texture": "#0"},
				"up": {"uv": [0.75, 7.125, 0.625, 7], "texture": "#0"},
				"down": {"uv": [0.875, 7, 0.75, 7.125], "texture": "#0"}
			}
		},
		{
			"from": [0, 2, 2],
			"to": [1, 4, 3],
			"faces": {
				"north": {"uv": [3.125, 7.625, 3.25, 7.875], "texture": "#0"},
				"east": {"uv": [3, 7.625, 3.125, 7.875], "texture": "#0"},
				"south": {"uv": [3.375, 7.625, 3.5, 7.875], "texture": "#0"},
				"west": {"uv": [3.25, 7.625, 3.375, 7.875], "texture": "#0"},
				"up": {"uv": [3.25, 7.625, 3.125, 7.5], "texture": "#0"},
				"down": {"uv": [3.375, 7.5, 3.25, 7.625], "texture": "#0"}
			}
		},
		{
			"from": [0, 2, 0],
			"to": [1, 5, 1],
			"faces": {
				"north": {"uv": [0.125, 7.125, 0.25, 7.5], "texture": "#0"},
				"east": {"uv": [0, 7.125, 0.125, 7.5], "texture": "#0"},
				"south": {"uv": [0.375, 7.125, 0.5, 7.5], "texture": "#0"},
				"west": {"uv": [0.25, 7.125, 0.375, 7.5], "texture": "#0"},
				"up": {"uv": [0.25, 7.125, 0.125, 7], "texture": "#0"},
				"down": {"uv": [0.375, 7, 0.25, 7.125], "texture": "#0"}
			}
		},
		{
			"from": [2, 2, 0],
			"to": [3, 4, 1],
			"faces": {
				"north": {"uv": [2.625, 7.625, 2.75, 7.875], "texture": "#0"},
				"east": {"uv": [2.5, 7.625, 2.625, 7.875], "texture": "#0"},
				"south": {"uv": [2.875, 7.625, 3, 7.875], "texture": "#0"},
				"west": {"uv": [2.75, 7.625, 2.875, 7.875], "texture": "#0"},
				"up": {"uv": [2.75, 7.625, 2.625, 7.5], "texture": "#0"},
				"down": {"uv": [2.875, 7.5, 2.75, 7.625], "texture": "#0"}
			}
		},
		{
			"from": [4, 2, 0],
			"to": [5, 5, 1],
			"faces": {
				"north": {"uv": [4.125, 6.625, 4.25, 7], "texture": "#0"},
				"east": {"uv": [4, 6.625, 4.125, 7], "texture": "#0"},
				"south": {"uv": [4.375, 6.625, 4.5, 7], "texture": "#0"},
				"west": {"uv": [4.25, 6.625, 4.375, 7], "texture": "#0"},
				"up": {"uv": [4.25, 6.625, 4.125, 6.5], "texture": "#0"},
				"down": {"uv": [4.375, 6.5, 4.25, 6.625], "texture": "#0"}
			}
		},
		{
			"from": [6, 2, 0],
			"to": [7, 4, 1],
			"faces": {
				"north": {"uv": [2.125, 7.625, 2.25, 7.875], "texture": "#0"},
				"east": {"uv": [2, 7.625, 2.125, 7.875], "texture": "#0"},
				"south": {"uv": [2.375, 7.625, 2.5, 7.875], "texture": "#0"},
				"west": {"uv": [2.25, 7.625, 2.375, 7.875], "texture": "#0"},
				"up": {"uv": [2.25, 7.625, 2.125, 7.5], "texture": "#0"},
				"down": {"uv": [2.375, 7.5, 2.25, 7.625], "texture": "#0"}
			}
		},
		{
			"from": [8, 2, 0],
			"to": [9, 5, 1],
			"faces": {
				"north": {"uv": [3.625, 6.625, 3.75, 7], "texture": "#0"},
				"east": {"uv": [3.5, 6.625, 3.625, 7], "texture": "#0"},
				"south": {"uv": [3.875, 6.625, 4, 7], "texture": "#0"},
				"west": {"uv": [3.75, 6.625, 3.875, 7], "texture": "#0"},
				"up": {"uv": [3.75, 6.625, 3.625, 6.5], "texture": "#0"},
				"down": {"uv": [3.875, 6.5, 3.75, 6.625], "texture": "#0"}
			}
		},
		{
			"from": [10, 2, 0],
			"to": [11, 4, 1],
			"faces": {
				"north": {"uv": [1.625, 7.625, 1.75, 7.875], "texture": "#0"},
				"east": {"uv": [1.5, 7.625, 1.625, 7.875], "texture": "#0"},
				"south": {"uv": [1.875, 7.625, 2, 7.875], "texture": "#0"},
				"west": {"uv": [1.75, 7.625, 1.875, 7.875], "texture": "#0"},
				"up": {"uv": [1.75, 7.625, 1.625, 7.5], "texture": "#0"},
				"down": {"uv": [1.875, 7.5, 1.75, 7.625], "texture": "#0"}
			}
		},
		{
			"from": [12, 2, 0],
			"to": [13, 5, 1],
			"faces": {
				"north": {"uv": [3.125, 6.625, 3.25, 7], "texture": "#0"},
				"east": {"uv": [3, 6.625, 3.125, 7], "texture": "#0"},
				"south": {"uv": [3.375, 6.625, 3.5, 7], "texture": "#0"},
				"west": {"uv": [3.25, 6.625, 3.375, 7], "texture": "#0"},
				"up": {"uv": [3.25, 6.625, 3.125, 6.5], "texture": "#0"},
				"down": {"uv": [3.375, 6.5, 3.25, 6.625], "texture": "#0"}
			}
		},
		{
			"from": [14, 2, 0],
			"to": [15, 4, 1],
			"faces": {
				"north": {"uv": [1.125, 7.625, 1.25, 7.875], "texture": "#0"},
				"east": {"uv": [1, 7.625, 1.125, 7.875], "texture": "#0"},
				"south": {"uv": [1.375, 7.625, 1.5, 7.875], "texture": "#0"},
				"west": {"uv": [1.25, 7.625, 1.375, 7.875], "texture": "#0"},
				"up": {"uv": [1.25, 7.625, 1.125, 7.5], "texture": "#0"},
				"down": {"uv": [1.375, 7.5, 1.25, 7.625], "texture": "#0"}
			}
		},
		{
			"from": [15, 2, 1],
			"to": [16, 5, 2],
			"faces": {
				"north": {"uv": [2.625, 6.625, 2.75, 7], "texture": "#0"},
				"east": {"uv": [2.5, 6.625, 2.625, 7], "texture": "#0"},
				"south": {"uv": [2.875, 6.625, 3, 7], "texture": "#0"},
				"west": {"uv": [2.75, 6.625, 2.875, 7], "texture": "#0"},
				"up": {"uv": [2.75, 6.625, 2.625, 6.5], "texture": "#0"},
				"down": {"uv": [2.875, 6.5, 2.75, 6.625], "texture": "#0"}
			}
		},
		{
			"from": [15, 2, 3],
			"to": [16, 4, 4],
			"faces": {
				"north": {"uv": [0.625, 7.625, 0.75, 7.875], "texture": "#0"},
				"east": {"uv": [0.5, 7.625, 0.625, 7.875], "texture": "#0"},
				"south": {"uv": [0.875, 7.625, 1, 7.875], "texture": "#0"},
				"west": {"uv": [0.75, 7.625, 0.875, 7.875], "texture": "#0"},
				"up": {"uv": [0.75, 7.625, 0.625, 7.5], "texture": "#0"},
				"down": {"uv": [0.875, 7.5, 0.75, 7.625], "texture": "#0"}
			}
		},
		{
			"from": [15, 2, 5],
			"to": [16, 5, 6],
			"faces": {
				"north": {"uv": [2.125, 6.625, 2.25, 7], "texture": "#0"},
				"east": {"uv": [2, 6.625, 2.125, 7], "texture": "#0"},
				"south": {"uv": [2.375, 6.625, 2.5, 7], "texture": "#0"},
				"west": {"uv": [2.25, 6.625, 2.375, 7], "texture": "#0"},
				"up": {"uv": [2.25, 6.625, 2.125, 6.5], "texture": "#0"},
				"down": {"uv": [2.375, 6.5, 2.25, 6.625], "texture": "#0"}
			}
		},
		{
			"from": [15, 2, 7],
			"to": [16, 4, 8],
			"faces": {
				"north": {"uv": [0.125, 7.625, 0.25, 7.875], "texture": "#0"},
				"east": {"uv": [0, 7.625, 0.125, 7.875], "texture": "#0"},
				"south": {"uv": [0.375, 7.625, 0.5, 7.875], "texture": "#0"},
				"west": {"uv": [0.25, 7.625, 0.375, 7.875], "texture": "#0"},
				"up": {"uv": [0.25, 7.625, 0.125, 7.5], "texture": "#0"},
				"down": {"uv": [0.375, 7.5, 0.25, 7.625], "texture": "#0"}
			}
		},
		{
			"from": [15, 2, 9],
			"to": [16, 5, 10],
			"faces": {
				"north": {"uv": [1.625, 6.625, 1.75, 7], "texture": "#0"},
				"east": {"uv": [1.5, 6.625, 1.625, 7], "texture": "#0"},
				"south": {"uv": [1.875, 6.625, 2, 7], "texture": "#0"},
				"west": {"uv": [1.75, 6.625, 1.875, 7], "texture": "#0"},
				"up": {"uv": [1.75, 6.625, 1.625, 6.5], "texture": "#0"},
				"down": {"uv": [1.875, 6.5, 1.75, 6.625], "texture": "#0"}
			}
		},
		{
			"from": [15, 2, 11],
			"to": [16, 4, 12],
			"faces": {
				"north": {"uv": [4.125, 7.125, 4.25, 7.375], "texture": "#0"},
				"east": {"uv": [4, 7.125, 4.125, 7.375], "texture": "#0"},
				"south": {"uv": [4.375, 7.125, 4.5, 7.375], "texture": "#0"},
				"west": {"uv": [4.25, 7.125, 4.375, 7.375], "texture": "#0"},
				"up": {"uv": [4.25, 7.125, 4.125, 7], "texture": "#0"},
				"down": {"uv": [4.375, 7, 4.25, 7.125], "texture": "#0"}
			}
		},
		{
			"from": [15, 2, 13],
			"to": [16, 5, 14],
			"faces": {
				"north": {"uv": [1.125, 6.625, 1.25, 7], "texture": "#0"},
				"east": {"uv": [1, 6.625, 1.125, 7], "texture": "#0"},
				"south": {"uv": [1.375, 6.625, 1.5, 7], "texture": "#0"},
				"west": {"uv": [1.25, 6.625, 1.375, 7], "texture": "#0"},
				"up": {"uv": [1.25, 6.625, 1.125, 6.5], "texture": "#0"},
				"down": {"uv": [1.375, 6.5, 1.25, 6.625], "texture": "#0"}
			}
		},
		{
			"from": [0, -2, 0],
			"to": [16, 2, 1],
			"faces": {
				"north": {"uv": [0.125, 6, 2.125, 6.5], "texture": "#0"},
				"east": {"uv": [0, 6, 0.125, 6.5], "texture": "#0"},
				"south": {"uv": [2.25, 6, 4.25, 6.5], "texture": "#0"},
				"west": {"uv": [2.125, 6, 2.25, 6.5], "texture": "#0"},
				"up": {"uv": [2.125, 6, 0.125, 5.875], "texture": "#0"},
				"down": {"uv": [4.125, 5.875, 2.125, 6], "texture": "#0"}
			}
		},
		{
			"from": [0, -2, 13],
			"to": [16, 2, 14],
			"faces": {
				"north": {"uv": [3.375, 4, 5.375, 4.5], "texture": "#0"},
				"east": {"uv": [3.25, 4, 3.375, 4.5], "texture": "#0"},
				"south": {"uv": [5.5, 4, 7.5, 4.5], "texture": "#0"},
				"west": {"uv": [5.375, 4, 5.5, 4.5], "texture": "#0"},
				"up": {"uv": [5.375, 4, 3.375, 3.875], "texture": "#0"},
				"down": {"uv": [7.375, 3.875, 5.375, 4], "texture": "#0"}
			}
		},
		{
			"from": [0, -2, 1],
			"to": [1, 2, 13],
			"faces": {
				"north": {"uv": [1.5, 5.375, 1.625, 5.875], "texture": "#0"},
				"east": {"uv": [0, 5.375, 1.5, 5.875], "texture": "#0"},
				"south": {"uv": [3.125, 5.375, 3.25, 5.875], "texture": "#0"},
				"west": {"uv": [1.625, 5.375, 3.125, 5.875], "texture": "#0"},
				"up": {"uv": [1.625, 5.375, 1.5, 3.875], "texture": "#0"},
				"down": {"uv": [1.75, 3.875, 1.625, 5.375], "texture": "#0"}
			}
		},
		{
			"from": [15, -2, 1],
			"to": [16, 2, 13],
			"faces": {
				"north": {"uv": [7, 3.375, 7.125, 3.875], "texture": "#0"},
				"east": {"uv": [5.5, 3.375, 7, 3.875], "texture": "#0"},
				"south": {"uv": [8.625, 3.375, 8.75, 3.875], "texture": "#0"},
				"west": {"uv": [7.125, 3.375, 8.625, 3.875], "texture": "#0"},
				"up": {"uv": [7.125, 3.375, 7, 1.875], "texture": "#0"},
				"down": {"uv": [7.25, 1.875, 7.125, 3.375], "texture": "#0"}
			}
		},
		{
			"name": "cushion",
			"from": [2, -1, 2],
			"to": [14, 5, 12],
			"faces": {
				"north": {"uv": [1.25, 3.125, 2.75, 3.875], "texture": "#0"},
				"east": {"uv": [0, 3.125, 1.25, 3.875], "texture": "#0"},
				"south": {"uv": [4, 3.125, 5.5, 3.875], "texture": "#0"},
				"west": {"uv": [2.75, 3.125, 4, 3.875], "texture": "#0"},
				"up": {"uv": [2.75, 3.125, 1.25, 1.875], "texture": "#0"},
				"down": {"uv": [4.25, 1.875, 2.75, 3.125], "texture": "#0"}
			}
		},
		{
			"from": [7, 5, 6],
			"to": [9, 8, 8],
			"faces": {
				"north": {"uv": [6.75, 6.125, 7, 6.5], "texture": "#0"},
				"east": {"uv": [6.5, 6.125, 6.75, 6.5], "texture": "#0"},
				"south": {"uv": [7.25, 6.125, 7.5, 6.5], "texture": "#0"},
				"west": {"uv": [7, 6.125, 7.25, 6.5], "texture": "#0"},
				"up": {"uv": [7, 6.125, 6.75, 5.875], "texture": "#0"},
				"down": {"uv": [7.25, 5.875, 7, 6.125], "texture": "#0"}
			}
		},
		{
			"from": [4.5, 8, 6],
			"to": [11.5, 10, 8],
			"faces": {
				"north": {"uv": [4.5, 6.125, 5.375, 6.375], "texture": "#0"},
				"east": {"uv": [4.25, 6.125, 4.5, 6.375], "texture": "#0"},
				"south": {"uv": [5.625, 6.125, 6.5, 6.375], "texture": "#0"},
				"west": {"uv": [5.375, 6.125, 5.625, 6.375], "texture": "#0"},
				"up": {"uv": [5.375, 6.125, 4.5, 5.875], "texture": "#0"},
				"down": {"uv": [6.25, 5.875, 5.375, 6.125], "texture": "#0"}
			}
		},
		{
			"from": [7, 10, 6],
			"to": [9, 12, 8],
			"faces": {
				"north": {"uv": [0.25, 6.75, 0.5, 7], "texture": "#0"},
				"east": {"uv": [0, 6.75, 0.25, 7], "texture": "#0"},
				"south": {"uv": [0.75, 6.75, 1, 7], "texture": "#0"},
				"west": {"uv": [0.5, 6.75, 0.75, 7], "texture": "#0"},
				"up": {"uv": [0.5, 6.75, 0.25, 6.5], "texture": "#0"},
				"down": {"uv": [0.75, 6.5, 0.5, 6.75], "texture": "#0"}
			}
		}
	],
	"display": {
		"thirdperson_righthand": {
			"translation": [-6, 12, 10.5],
			"scale": [0.54, 0.54, 0.60641]
		},
		"head": {
			"translation": [0, 14.75, 1]
		}
	},
	"groups": [
		{
			"name": "crown",
			"children": [0,
				{
					"name": "spikes",
					"children": [1, 2, 3, 4, 5, 6, 7, 8, 9, 10, 11, 12, 13, 14, 15, 16, 17, 18, 19, 20, 21, 22, 23, 24, 25, 26, 27, 28, 29]
				},
				{
					"name": "walls",
					"children": [30, 31, 32, 33]
				}, 34,
				{
					"name": "cross",
					"children": [35, 36, 37]
				}
			]
		}
	]
}